sequence,score
ADMEIIQVNPYSSEQYGDVATPLYHGTG,5.86050583416
ADMEIRQVNPYSSEQYGDVATPLQHGTG,6.13379033669
ADSELASTNPVSTELYGIVATNLMAQAS,6.8093878023
ADSELASTNPVSTELYGIVATNLMRGNR,6.8167121789
ADSELASTNPVSTELYGIVATNLMRGNS,7.0368286068
ADSELASTNPVSTELYGIVATNLMRQAS,6.145216924590001
ADSELASTNPVSTELYGIVATNLMRQNS,6.0299281049
ADSELASTNPVSTELYGIVATNLQRGNR,6.480092658889999
AEDEVSQTNPVCTEMWGFISENLQHFNR,6.10724793073
AEDEVSQTNPVCTEMWGFISETLQHFNR,6.30201694355
AEDEVSTTNPVATEMWGFISENLQHFNR,6.27670445627
AEDEVSTTNPVCTEMWGFISENLQHFNR,6.551709423309999
AEEEIAQTNPFATEQYGDVSTEPLIGEY,6.77278567591
AEEEIAQTNPFATEQYGVVSEDLEVGED,5.95403097514
AEEEIAQTNPFSTEQYGVVSEDLEVGED,6.909943343209999
AEEEIAQTNPFSTEQYGVVSEDQEVGED,6.719459308299999
AEEEIAQTNPVATEQYGDAPECPCHEEL,6.38913035073
AEEEIAQTNPVATEQYGSVDTDQERGER,7.44607282661
AEEEIGTTNPVATEIYGDCSNNLQMGQR,7.2365848317
AEEEIGTTNPVATEIYGDCSNNLQMGQT,6.96018097001
AEEEIRQTNPFATEQYGVVSTDLERGED,7.015682797929999
AEEEIRQTNPFATEQYGVVSTDLERGND,7.03627383078
AEEEIRSTNPVATFQYGHISTNFQRGNR,6.42329695389
AEEEIRTTNPDSTENYGEASTNLQLGDA,6.45541008412
AEEEIRTVNPDSTENYGEASTNLQLGDA,6.08673351263
AEEEITTTNPDATEQYGEADTNLQLGDA,5.887995784609999
AEEEITTTNPDATEQYGEVDTNLQLGNA,5.70340487308
AEEEIWSTNPVATEMYGGVSTTLQRGQM,6.07705845159
AEGEIVSTNPFATEQYGEVSTDPQGGDP,6.08887791481
AEGEIVTTNPFATEQYGEVSTDPQGGDP,5.88706489993
AEGEIWQTNPVATESYGNISENPIGGDQ,7.26881680304
AEGEIWQTNPVATESYGNISEPPIGGDQ,6.91297325406
AEHEIWSTNPVATEMYGGVSITLQRGQM,6.81032007699
AEHEIWSTNPVATEMYGGVSTTLQRGQM,6.880943058630001
AEHEIWSTNPVCTEMYGGVAITLQRGQM,7.29889947795
AEHEIWSVNPVCTEMYGGVAITIQRGQM,5.71934641695
AEMEIRQTNPVSTEQYGDVATPLQHGNG,6.69812993104
AEMEIRQVNPVSTEQYGDVATPLQHGTG,6.27585476249
AEMEIYTTNPVSTELYGVCSELLQRGGR,6.20590521361
AENEIACVNPVATEMYGEAAEVLQHGGR,6.72416343324
AENEIACVNPVATEMYGEAAEVLQHGGT,7.405225380959999
AENEIAQTNPDATEQYGDVSTGDEHGEQ,7.06645770135
AENEIAQTNPDATEQYGVVSEDQENGDD,6.37786552464
AENEIAQTNPDATEQYGVVSEDQENGDR,6.64134390495
AENEIAQTNPDATEQYGVVSEDQENGND,6.86889490318
AENEIAQTNPDATEQYGVVSENQENGDR,7.46893961944
AENEIAQTNPDATEQYGVVSENQERGDR,6.65172071779
AENEIAQTNPFATEQYGVVDTDQEVGED,5.96522743924
AENEIAQTNPFATEQYGVVDTDQEVGER,5.9382882386
AENEIAQTNPFATEQYGVVSEDLERGED,5.9135813447
AENEIAQTNPFATEQYGVVSEDLQRGED,6.45811831539
AENEIAQTNPFATEQYGVVSEDQERGED,5.77552105535
AENEIAQTNPFATEQYGVVSEDQEVGED,6.462116202780001
AENEIAQTNPFSTEQYGVVSEDQEVGED,6.25063698472
AENEIAQTNPVATEQYGDAPECPCHEEL,6.96749370492
AENEIAQTNPVATEQYGVVDTDDEVGEL,6.66393059001
AENEIRCVNPVATEMYGEAAEVLQRGGR,6.155664836310001
AENEIRQTNPFATEQYGSVSENLEVGND,5.81032007699
AENEIRQTNPFATEQYGSVSENLEVGNR,5.83027468337
AENEIRQTNPVATEQYGSASTCPQRGNR,6.22423703638
AENEIVQTNPVATEQYGDAPECPCHEEM,5.78283934057
AEQEIAGTNPVASETYGDASEILQRGGR,5.68017256684
AEQEIRTTNPVATEQYGIVGMCLQRGEY,5.9328867192
AEQEIRTTNPVATEQYGIVSMCLQRGEY,6.0513281765
AEQEIVPTNPCASEQYGIVGMCPNFGEY,6.08179805333
AEQEIVPTNPCATEQYGIVGMCLNFGEY,5.741485880269999
AEQEIVTTNPCATEQYGIVGMCLQRGEY,5.87754212581
AEQELAGTNPCASETFGDASEILQAPGR,5.86690360536
AEQELAGTNPCASETFGDASEILQRPGR,5.73044969609
AEQELAGTNPCASETYGDASEILQRGGR,6.082198851759999
AEQELAGTNPCATEQFGDATEILQAPGR,5.863061539069999
AEQELAGTNPCATETFGDATEILQAPGR,5.88759129058
AEQELAGTNPVASETYGDASEILQRGGR,5.93428875531
AEQELAGTNSCATETFGDATEILQAPGR,5.96938656296
AEVETAATNPVATENFGWVASNLQIGTI,6.33621816562
AEVETAATNPVATENFGWVASNLQIGTR,6.850835236729999
AEVETAATNPVATENFGWVASNLQRGTI,6.55806550991
AEVETAATNPVATENFGWVASNLQRGTR,7.231011515740001
AEVETAATNPVATENFGWVSSNLQRGTR,6.5323159385
AGEELFTTNPVAEEQYGSVSYNLQRGNR,5.67425852742
CAWMIRPTNPFAYSNYWHWEHGDDDFLP,6.09854281492
CAWMIRPTNPFAYSNYWHWEHGDDDGLP,5.746189739569999
CDDELAPTNPCCTEMYGFCADVLCAEEV,6.1696381350100005
CDDELAPVNPCCTEMYGFCADVPCAEEV,5.86271637616
CDEELAPTNPVATEMYGFVATVLCAEEV,5.89544920355
CDQEINTTNPVATEGFGDISETLQRGER,5.758418975080001
CDQELNGVNPCSCEGFGDIAETVQHGEM,5.71989299587
CDQELNTTNPVACEGFGDISETLQRGER,5.73255121874
CDQELNTTNPVSCEGFGDIAETLQRGEM,5.851001577130001
CDQELNTTNPVSCEGFGDISETLQRGEM,5.85060979802
CEDELRQTNPCATEQYGVVSENPQHGNH,7.44784558781
CEDELRQTNPVATEQYGVVSENPQHGNH,6.69838679831
CEEEIITTNYVAVEVYGEFSTNYQTEQM,5.75587229297
CEEEIRPVNPDCTENYGSVAMCEDPGDG,6.419906364680001
CEEEIRTTNPVATEQPGSWSTNLGAGSR,6.39120909527
CEEEIRTTNYVATEVYGEVSTNLQTEQM,5.80110154697
CEEEIRTTNYVAVEVYGEFSTNYQTEQM,6.1775024018
CEEMIKTVTHFWWQQCKRVCTGEDVVPC,5.94441297258
CEEMIKTVTHFWWQSCKRWCTGEDVVPC,6.2434380309
CEFEICTVNPCCTEQYGSAPSVIQGPTI,5.97160098403
CEFEICTVNPCCTEQYGSAPTVIQGGTI,6.8274952208
CEFEICTVNPCCTEQYGSAPTVIQGPTI,5.98826138136
CEFEICTVNPVATEQYGSAPTVIQGGTI,6.70065949634
CEFEICTVNPVCTEQYGSAPTVIQGGTI,5.8799936048
CELEIIPVNYVAVEVFGEFGINYQTEQM,6.01195393816
CELEIIPVNYVSVEVFGEFGINYQTEQM,6.10476743546
CELEIITTNYVAVEVFGEFGTNYQTEQM,6.934258873159999
CELEIITTNYVAVEVFGEFSTNYQTEQM,5.70832036349
CELEIITVNYVAVEVFGEFGINYQTEQM,5.96886601631
CEQEINTTNPVATEGFGDISENLQRGER,6.76779546035
CEQEINTTNPVATEGFGDISETLQRGER,5.66493072526
CESEIATTNPPASEPYGYHNQVDSEAEM,6.91852929395
CESEIATTNPPATEPYGYHNQVDSEAEM,6.32002944621
CETEISCTNPVASELWGDMSALLQRGQM,6.44408875549
CETEISCTNPVASELWGDMSANLQRGQM,6.30651472051
CETEISCTNPVASELYGDMSANLQRGQM,5.833200301690001
CETEISCTNPVSSELWGDMAALLQHGQM,5.7808489585
CETEISCTNPVSSELWGDMSALLQRGQM,5.66430505339
CETEVSCVNPCSSELWGDMAALIQHGQM,6.37062052348
CMLEIIPVNYCSVEVFGEFGITYMTEQM,6.09701099183
CMLEIIPVNYVSVEVFGEFGITYMTEQM,6.75468537802
CMLEIIPVNYVSVEVFGEFGITYQTEQM,5.8214606346
CNDMIKTVTHFWWQSCKRWCFGEDVVPC,5.72543117941
CSLCIRMTLFVMTCCQFILQGTVLISAH,6.1985749744100005
CSLCIRTTLFVATCCQFILQGTVLISAH,6.8078560370400005
CSLCIRTTLFVATCCQFILQTTVLIGAH,6.50177101191
CSLCIRTTLFVATCCQFILQTTVLISAH,7.01006621131
CSLCLHMILFYMHCCQFILQGTVLISAH,6.29192519321
CSLCLRMILFYMHCCQFILQGTVLISAH,6.32313279196
CSLCLRMTLFVMTCCQFILQGTVLISAH,5.893786899509999
CSLCLRMTLFYMTCCQFILQGTVLISAH,7.15086385005
CSLEIRTTLFVATCCQFILQTTVLIGAH,6.58699538096
DAECIRPTNPFATAQYWSWDHGDDPGLD,6.4549065604
DAECIRPTNPFATEQYWDWHEGPCDMED,5.73893223957
DAECIRPTNPFATQQYWSWEHGDDPGED,6.07625243166
DAECIRPTNPFAWQIYGSWEHGGDPGLP,6.437479908329999
DAECIRPTNPFAWQIYWSWEHGGDPGLP,5.72612494958
DAECIRPTNPFAYAQYWSWDHGDDPGLD,5.68043153667
DAECIRPTNPFAYQQYWSWEHGDDPGED,6.86106103719
DAECIRTTNPFATAQYWSWDHGDDPGLD,5.98503649779
DAECIRTTNPFATAQYWSWDTGDDPGLD,6.095722295859999
DAECIRTTNPFATEQYWSWDTGDDPGLD,5.68032125997
DAECIRTTNPFATEQYWSWDTGDDPGND,5.73245340559
DAECIRTTNPFATQQYWSWEHGDDPGED,6.26121762563
DAECIRTTNPFATQQYWSWETGDDPGED,5.91874253688
DAECIRTTNPFAWQQYGSVEHGLDPGNP,6.64978503458
DAEEIRTNNPVATWQYGSVSTNGLRGNP,5.66610633166
DAEEIRTTNPFATEQYGSVETGDDDGNP,5.69501708759
DAEEIRTTNPFATEQYGSVETGDDPGND,6.37780105229
DAEEIRTTNPFATEQYGSWETGDDDGNP,6.20541458444
DAEEIRTTNPFATEQYWSWDTGDDPGND,5.87743427285
DAEEIRTTNPFATEQYWSWETGDDDGNP,5.864597137980001
DAEEIRTTNPFATEQYWSWETGDDPGND,7.017826432910001
DAEEIRTTNPFATEQYWSWHEGPCNGED,6.0595486833
DAEEITTTNPQATHNYGSVSTNLQDGNR,6.86807509048
DAEEQRTVNVVATEQYGSVSTQLQRGFR,6.14491458372
DAEMIRPTNPFATSQYWSWEHGDDDGLP,5.65180367659
DAEMIRTTNPFATEQYWSWETGDDDGLP,5.92579729441
DAEMIRTTNPFAWQFYGSVEHGGDPGLP,6.0513281765
DAWMIRPTNPFAYSQYWHWEHGDDDGLP,5.89973499783
DCEEIRTTNGSASEQYGSVSTNFQIDNN,6.73245340559
DCEEIRTTNGSASEQYGSVSTNFQIGNN,6.174476407269999
DCEEIRTTNGSASEQYGSVSTNFQIGNR,6.86491505227
DCEEIRTTNGSASEQYGVVSTNFQIDNN,7.01304848819
DCEEIRTTNPCATIQYETVETNLQRGNR,7.44037046724
DCEEIRTTNPIATEQYGSWSTCLCRGNR,6.42587089755
DCEEIRTTNPVATEQTPQVSTGLQPGNR,6.26193950418
DCNEIATTNGSASEQYGVVSTNFQIDNN,7.36320260672
DDDEVRSTNPIASELYGCVGMNLERGNR,6.23453334684
DDDEVRSTNPIASELYGCVGMNLQRGNR,6.140196925
DDEEHMDTNPVATEQYGSASTALQRKNT,5.94667602409
DDEEIACVNPIACELFGTVSMNLQVPNR,6.469418999749999
DDEEIACVNPIACELYGTVSMNLQRPNR,6.13612464992
DDEEIAPTNPVATEMYGFVATVLCAEER,6.60757316829
DDEEIAPTNPVATEMYGFVATVLCAEEV,7.17993529976
DDEEIATTNPVATEMYGFVATVLCAEER,6.79455276114
DDEEIETTNPVATEQYGSVCDCLHYGIT,6.14662514013
DDEEIETTNPVATEQYGSVCDCLQYGIT,6.00552448689
DDEEIHCTNPDATEQYGWVDYNLDLGLA,6.318114717189999
DDEEIHCTNPDSTEQWGWCDYNLDLGLA,5.80946238206
DDEEIHCTNPDSTEWWGWCDYNLDLGLA,6.3297975092200005
DDEEIRATNPYATEIYGFVSNDLGPGTL,5.7159501264
DDEEIRAVNPVATEIYGSVAMNLQRGNR,5.86630071351
DDEEIRCTNCDASEQYGVVATCPIRPNS,6.21852338519
DDEEIRCTNPDATEQYGVVATCPIRPNS,6.67381807709
DDEEIRCTNPFASEQYGSVDTNLIHGEP,5.667413194719999
DDEEIRCTNPFATEQYGSVDTNLIHGEP,6.29831017705
DDEEIRCTNPFCSEQYGSVDTNLIHGEP,6.064493439970001
DDEEIRCTNPVASEIYGCVGMNLERGNR,5.823435576780001
DDEEIRCTNPVASEIYGCVSMNLERGNR,6.7099625891
DDEEIRCTNPVATEMYGFAGSNLMRLTQ,6.043633784709999
DDEEIRCVNPIATELYGTVSMNLQRGNR,6.3698972593
DDEEIRCVNPVAYENYGAVAMNLERGNR,7.00341819154
DDEEIRMCNPVAVEQYGNVSYNLQRGNR,6.2853396811
DDEEIRQVNPVATEMYGSVSENLDAGNR,6.0155838394900005
DDEEIRSTNPFCSELYGYVDMPDDQGMA,7.12226408331
DDEEIRTTNPDATEQYGVVATCPIRGNS,7.09444666207
DDEEIRTTNPDATEQYGVVATCPIRPNS,6.94655585458
DDEEIRTTNPESSEQYGSVSTPETRGER,6.48722428067
DDEEIRTTNPFCSELYGYVDTPDDQGMA,5.92579729441
DDEEIRTTNPFCSEQYGYVDTPDDQGMA,5.87461857049
DDEEIRTTNPFCTEQYGYVDTPDDQGMA,5.7294498453
DDEEIRTTNPIATEQYGTTGTELEREMI,6.73574559312
DDEEIRTTNPTASEMYGSVATNLERGNR,6.76659869957
DDEEIRTTNPTASEVYGCVSMDLQRGND,5.92829714933
DDEEIRTTNPVATEMYGFAGSNLMRLTQ,7.09572229586
DDEEIRTTNPVATEMYGFAGTNLMRLTQ,6.3697474856100005
DDEEIYATNPYASEIYGFVGNDLGPGTL,6.00472776364
DDEELAPTNPVATEMYGFVATVLCAEEV,7.06863207259
DDEELRCTNPVATEIYGCVAMNLQPLNR,6.05543257483
DDEELYATNPYSSEIYGFVGNDLGPGTL,5.750081178069999
DDEELYAVNPYSSEIYGFVGNDLGPGTL,5.940533837669999
DDEETACVNPIACELFGTVSMDLQVPTF,6.67863696793
DDEETRCTNPVACQQYGTMSMDLQVPNR,5.82694390749
DDEETRTTNPTASEVFGCVGMDLQRGTD,5.915380678469999
DDEETRTTNPTASEVFGCVSMDLQRGND,5.73178667445
DDEETRTTNPTASEVYGCVSMDLQRGND,6.2395191137
DDEETRTTNPVACQQYGTMSMDLQVPNR,5.94018121258
DDEETRTTNPVACQQYGTMSTDLQVPNR,5.765114445280001
DDEETRTTNPVATQQYGTMSTDLQVPNR,6.27438314436
DDEEVACTNPVASEQYGSVSMNLQRLNQ,7.47168550621
DDEEVRCTNPDATEQLGAVSTNLQRGNR,6.60043829413
DDEEVRQTNPVSSEQYGVVSTNLQRGTQ,6.39306475247
DDEEVRSVNPFCSELYGYVDMPDDQGMA,5.87624146994
DDEEVRTTNPIASELYGSVSSNLQRGNR,6.13973715072
DDEEVRTTNPVSTEQYGCVGTNLERGNR,7.14603676051
DDGEIRTVNPVCTENYGSVSTNLERGNR,6.60386919953
DDGEIWQTNPDATENYGVVAENINPGED,5.977430062830001
DDGEVRTTNPVCTELYGSTSTNLQRGNR,6.53675500367
DDMEICTVNCYCTEIWGQVPTPDSMPDQ,5.80026641233
DDMEICTVNCYCTEIYGQVSTPDQMPDQ,6.13098762568
DDMEICTVNPVCTEIYGQVSTPDQMGDQ,6.19856401733
DDMEICTVNPYCTEIYGQVSTPDQMPDQ,5.8308518775
DDMEIRTTNPVSSEQYGVVSTNLQRLNR,6.81736106238
DDMEVACTNPVASEQFGSAAMNLMRLNQ,6.34346504974
DDMEVACTNPVASEQFGSVAMNLMRLNQ,6.24588638964
DDMEVACTNPVASEQFGSVAMNLQRLNQ,5.95924377751
DDMEVACTNPVASEQFGSVSMNLQRLNQ,6.19686901931
DDMEVACTNPVASEQYGSVSMNLQRLNQ,6.19881578882
DDMEVRQTNPVSSEGYGVVSTNLQRLTQ,6.75645958996
DDMEVRQTNPVSSEQYGVVSTNLQRLNR,6.398285065880001
DDMEVRQTNPVSSEQYGVVSTNLQRLTQ,6.108661351559999
DDMEVRQTNPVSSEQYGVVSTNLQRLTR,5.765620269519999
DDMEVRTTNPVSSEQYGVVSTNLQRLNR,5.95320345176
DDMPICMVNCYCTEIWGQNPFPDSMPDQ,7.14397746446
DDQEIRSTNPIASEIWGAVSNNLERGNR,6.52310818756
DDQEIRSTNPIATEIWGAVSNNLERGNR,6.378454298869999
DDQEIRSTNPVATEVYGWTSTNLQRGTR,6.02767690843
DDQEIRSTNPVATEVYGWTSTNLQRPTR,6.307476196750001
DDQEIRTTNPDATEQYGSVSTADFQDDV,5.95233908187
DDQEIRTTNPDATEQYGSVSTADFQDNV,7.08094694318
DDQEIRTTNPDATEQYGSVSWADFQDDV,7.04127451183
DDQEIRTTNPDATEQYWSWEWADFQDDV,5.69812993104
DDQEIRTTNPHCTEQYGSVGNNDMFGTA,6.446629457719999
DDQEIRTTNPVAMEQYGSSGTLDQFPNA,5.73078131201
DDQEIRTTNPVAMEQYGSSGTLDQFPTA,6.2184048156300005
DDQEIRTTNPVATEQYGSSSTLLQFPNA,7.020261978420001
DDQEIRTTNPVCTEQYGSVGNNDMFGTA,5.9535422849
DDQEIRTVNPIATQQYGSTSTNLQRGNR,6.51917203495
DDQEVRAVNPCSSEVYGVVAMNLERGNR,5.74699414163
DDQEVRSTNPIASEIWGAVSNNLERGNR,6.326335224
DDQEVRSVNPIASEIWGAVANNLERGNR,5.81296479825
DDQEVVTTNPESSEHEGSVEYPETIGEI,5.96427144223
DDQEVVTTNPESTEHYGSVEYPETIGEI,5.768256017430001
DDSEIRQVNPVATEMYGIVSEDLDAGDR,6.353218518149999
DDSEISQVNPVASEMYGIVSEDLDAGDD,6.09290728025
DDSEISTVNPVATEMYGSVSEDLDAGDD,6.99039082092
DDVEITSVNPVASEPYGGTSNNLMRLTI,5.66748529882
DDWEIRTTNPVATGQYGSVSCLLQRGPR,6.1919045343
DEAEHRTTNPVACEQLLSVSTNLQRGNP,5.92579729441
DEAEIATVNPVATEVYGDVDDNIQFGNF,6.32548054682
DEAEIATVNPVCTEVYGDVDDNIQFGNF,6.52095556224
DEAEIRTTMPEATARKGSVSTNVSRGTP,5.91723528091
DEAEIRTTNPEATARKGSVSTNLSRGTP,5.81959789058
DEAEIRTTNPEATARKGSVSTNVSRGTP,6.188831700250001
DEAEIVQTNPVATEQYGGVSTTLQQGTL,6.56446081497
DEAEIVQVNPVATEQYGGVSTTLQQGTL,5.86577252334
DECEIFTTNPVAVHKYGSVITNLQRGNR,5.90668847147
DECEIRTTNPCATEQYRSVSTNLIRGSP,5.89846531244
DECEIRTTNPVSTEQYGQVETPLQRPNR,7.40337625976
DECEIRTVNPCATETYGCASSEDCRLNH,6.20756826283
DECEITCTNPVATEHYGGTGEALEWLDL,6.76112037093
DECEITCTNPVATEHYGGVGEALEWLDL,6.17724372597
DECEITCTNPVATEQYGGVGEALEWLDL,6.14785013824
DECEITCTNPVATEQYGGVSEALEWLDL,7.06800691764
DECEVTCTNPVATEHYGGTGEALEWLDL,6.124115189059999
DECIIRTTNPVATQDYGSVSTNLYRGNR,7.23147603766
DECPISTTNPVATYGYGSPSTNLQRGNR,7.18788154758
DEDDIRTTNPVATEQYGFVSHWLCRGNR,6.00825945461
DEDEIATTNPCCTEVYGCADDEDQTGNC,6.61002142651
DEDEIATTNPCCTEVYGCVDDEDQTGNC,6.281338212790001
DEDEIATTNPCCTEVYGCVSDEDQTGNC,7.02602474215
DEDEIATTNPVCTEQYGCVSDEDQTGNC,6.14634836893
DEDEIATVNPVSTETYGIVGTNLQRLTR,5.857317556530001
DEDEICTTNPVSTELFGDASTNLQFGDF,6.345550116
DEDEICTTNPVSTELFGDASVNLQFGDF,5.96415110232
DEDEIGSTNPVSYEWWGDVSTALMRGTM,6.57634813676
DEDEIKAVNPVATECYGGCGDTVQHGTT,6.0346107815500005
DEDEIKAVNPVATEQYGGCGDTVQHGTT,6.351016170039999
DEDEIRATNPVATEQYGGCSDTVQHGTT,7.45528339301
DEDEIRAVNPVATEQYGGCSDTVQHGTT,6.61978368889
DEDEIRTTNPVSTELFGDVSTNLQFGDF,6.60104315545
DEDEITCTNPVATEMYGIVSTNLQRLNR,7.47194054625
DEDEITCVNPVSSEMYGIVSNNLQRLNR,5.67981805276
DEDEIVATNPVCTEPFGNIGTNLQVGNR,6.93418507991
DEDEIVCVNPCCSESYGGTSTILQLEMR,6.0551908161300005
DEDEIVCVNPVASEQYGSVSTILQLGNR,6.06511116426
DEDEIVCVNPVCSEQYGSVSTILQLGNR,5.65990323444
DEDEIVCVNPVCSESYGSTSTILQLEMR,6.319618307780001
DEDEIVCVNPVCSESYGSVSTILQLEMR,6.551155980319999
DEDEIVCVNPVCSESYGSVSTILQLENR,6.307819736469999
DEDEIVCVNPVCSESYGSVSTILQLGNR,6.2108580065800005
DEDEIVTTNPAATEQYGDVSTDEQSGNF,6.58625979993
DEDEIVTTNPAATETYGDVSTDEQSGNF,5.87849157964
DEDEIVTTNPAGTETYGDVSADEQSGNF,5.78586703327
DEDEIVTVNPAGTETYGDVSADEQSGNF,5.99855363685
DEDEIYQTNPVATEQYGLVSTTCQKEEM,6.72170568982
DEDEIYQTNPVATEQYGSVSTTCQREEM,7.36570946233
DEDEIYQTNPVSTEQYGLVSTTCQKEEM,5.83963276305
DEDEIYTDNPVATLQYGSVSTNLQRRNR,7.12315552598
DEDEVRAVNPVCYEPFGNIGTNLQVGNR,6.43275728313
DEDEVRAVNPVCYEPFGNVGTNLQVGNR,6.19138792806
DEDEVRAVNPVCYEPFGSVGTNLQRGNR,7.445285957659999
DEDEVRAVNPVCYEPFGSVGTNLQVGNR,6.42603711623
DEDEVRAVNPVCYEPYGSVGTNLQRGNR,7.090651987879999
DEDEVRSTNPVASELYGCVGMNLQRGNR,6.94239380495
DEDEVRSTNPVATELYGCVGMNLQRGNR,6.344424915079999
DEDEVRSTNPVATELYGCVSMNLQRGNR,7.07950670981
DEDEVVATNPVCTEPFGNIGTNLQVGNR,6.244865735159999
DEDEVVATNPVCTEPFGNIGTNYQVGNR,6.45898614541
DEDEVVATNPVCYEPFGNIGTNYQVGNR,7.0886477701
DEDEVVAVNPVCYEPFGNIGTNLQVLNR,5.93740391406
DEDEVVAVNPVCYEPFGNIGTNYQVGNR,6.04937197953
DEDEYRTVNPVAQERYGIVSTNLQRGNR,5.852548312380001
DEDTCRTTNPPATIQIGSGVTLYCDGDR,5.72416343324
DEEAIRPTNPVATAQYWSVWTGLQRGNR,7.36613623206
DEEAIRTTNGVATNQYGSVWTGGQRGNR,7.06469540024
DEEAIRTTNPAATEQYWKPSTNLRRGNR,5.85654614598
DEEAITTSNPVATHQYGSVNTNLYRGNR,7.38686332474
DEEAITTSNPVATHQYLSANTNLYRGNR,6.021145171000001
DEEAITTSNPVATHQYLSVNTNLYRGNR,6.20359163067
DEECIRTTNPDATEQPGSVETNLDRGNR,6.44964828083
DEECIRTTNPDATQQEWSWEDPDDDEEP,5.99925945636
DEECIRTTNPDATQQPWSWEDPDDPEEP,6.16072668905
DEECIRTTNPDATQQYWSWEHPDDPGEP,6.20451332248
DEECIRTTNPFATQQYGSVETGLDPGNP,6.42754642689
DEECIRTTNPFATQQYGSVQTNFQRGSR,6.71959690658
DEECIRTTNPFAYQQYGSVETNLQRGNP,6.89604995102
DEECIRTTNPVATEQCGSVSTNLCRFEP,7.29835964818
DEECIRTTNPVATEQGWSVETNLQQENR,7.436759213689999
DEECIRTTNPVMTLQYGSVLTNLIRGNR,6.28675812094
DEEDIRTTNPWAMAQYGSCSTNLQRTNR,6.95924377751
DEEEARTTNPVATQQYGSKSTIWQRGQR,6.012825478319999
DEEEAWTTNTVATPQYASVSTNLQRYNR,5.92579729441
DEEECRTSNSLATWGYGSVGTNLQMRNR,6.294599327509999
DEEECRTTNPPATIQYGSGVTLYCDGNR,6.19287384599
DEEECRTTNSLATEGYGSVGTNLQMRNR,6.397197236309999
DEEECRTTNSVATEGYGSVGTNLQMRNR,7.30564536523
DEEECRTVNPVAEIQYHWVSFQLQRGQR,5.87849157964
DEEECRTVNPVATIQYHWVSTQLQRGQR,5.66337021128
DEEECVTTNPFATEQYGYFFTGLQRGNR,6.2798053603
DEEEIAATNPTATEMFGGVSTNLQQGTF,7.34637297723
DEEEIAATNPTATEQFGEVSELECQEDF,5.90589773698
DEEEIAGTNPVATEQYGDATTILQAGGR,6.56432002743
DEEEIAQTNPFATEQYGVVSEDLEVGED,7.42567829425
DEEEIAQTNPVATEQYGDVPECPCHEEL,6.40572432444
DEEEIAQTNPVATEQYGDVSECPCHEEL,5.708838759130001
DEEEIAQVNPVATEIYGEAGEVIQHGNL,6.15555554537
DEEEIAQVNPVSTEQYGEASEVLQHGGR,5.94597517635
DEEEIATTNPTATEQYGDVSELECQEDF,5.7397010023
DEEEIATTNPTATEQYGDVSENEQQEDF,6.962763553009999
DEEEIATTNPTATEQYGDVSENEQQGDF,7.41643241259
DEEEIATTNPTATEQYGEVSELECQEDF,5.693776171880001
DEEEIATTNPTATEQYGEVSENECQEDF,6.37663551512
DEEEIATTNPVATEMYGFVATVLCAEER,6.43791898825
DEEEIATTNPVATEMYGFVSTVLCAEER,6.54676474859
DEEEIATTNPVCTEQYGDVDEDDCHGNR,6.45329603835
DEEEIATVNPVATEIYGEAGENIQRGNL,6.82694390749
DEEEIATVNPVATEIYGEAGEVIQRGNL,6.47833831744
DEEEICCCNPVCTEQYGSVSTGDQQGTH,6.5376676686
DEEEICCCNPVCTEQYGSVSTGLQQGTH,5.93394537047
DEEEICTTNPESTEQYGCVSVALQLGPH,6.70046359777
DEEEICTTNPFATEQYGIVPTEQQYGLL,6.520037608719999
DEEEICTTNPVSTEQYGCVSVALQLGPH,6.48691305318
DEEEIFTTNPDATEQYGSVETNLDEENR,6.87710746846
DEEEIGCTNPVATEQYGSADENLQRLLQ,5.79847846435
DEEEIGSTNPVSTEWWGDVSTALMRGTM,6.6408203357
DEEEIGSTNPVSYEWWGDVSTALMRGTM,6.87426699377
DEEEIGTTNPYANEYWYSVENLGIRGIP,5.89530058523
DEEEIGTTNPYANEYWYSVETLGIRGIP,5.66748529882
DEEEIHGTNPVASFQYGVVSTNLQRPNR,6.0101894817
DEEEIHTTNPFAWEIYGSVSTNLQRGIP,6.03996831433
DEEEIHVTNPVATFQYGSVGTPLQRGTR,5.87567381499
DEEEIICTNPYSSEQYGSVSTNLERGNR,6.499171820859999
DEEEILTRNPIAMTFYGSVSTNLQRGNR,6.406423135319999
DEEEILTTNPVATEQYGSVLTGLQLFNP,7.02012467696
DEEEIMSTNPVMTEPYCSRSTNLQRGNR,5.91621124559
DEEEINTTNPVATEQYKSVSTNLVDENM,6.25202552674
DEEEINTTNPVGTEQYQSCSTNPQRANP,6.38974439417
DEEEINTTNPVQTEQYGSVCTNLARLND,5.65277880001
DEEEIPTTMPCAFEQYGSISTMLQRGNR,5.66387650889
DEEEIRATNPAATEIFGSVSDNPQTGPA,6.94655585458
DEEEIRATNPCATEVYGVVGTADEYGEC,6.9409041868
DEEEIRATNPCATEVYGVVSTADEYGEC,6.874350528999999
DEEEIRATNPCSTEVYGVVGTADEYGEC,6.14152598547
DEEEIRATNPDCTEQYGSVSIWLNRGDR,6.74137272328
DEEEIRATNPDCTEQYGSVSTWLNRGDR,6.78206181695
DEEEIRATNPDCTEQYQSVSIWLNRGDL,6.00714324949
DEEEIRATNPDCTEQYQSVSIWRNRGDL,6.188831700250001
DEEEIRATNPVATEGYGIADTAGEVGDL,6.3576804651300005
DEEEIRATNPVATEQYGIADTAGEVGDL,6.5427936227800005
DEEEIRATNPVATEQYGVVSTADEYGEC,6.651174914309999
DEEEIRATNPVATEVYGVVSTADEYGEC,5.85589528118
DEEEIRAVNPVASEQYGSTATNLQRLNR,5.91874253688
DEEEIRAVNPVASEVYGGVGTNLQRGNQ,7.09335139139
DEEEIRAVNPVATEIYGVMSTDLDYGEA,5.96023079148
DEEEIRCTNPCASEIYGAVCTNLERGNR,6.47237870341
DEEEIRCTNPFATEVENFSIDPPEQYPS,6.237741300730001
DEEEIRCTNPFATEVENFSSDPPEQYPS,6.32189231114
DEEEIRCTNPTATEMYGGVSNDEQVGNY,6.738170291239999
DEEEIRCTNPTATEMYGGVSTDEQVGNY,7.103255968540001
DEEEIRCTNPTSTEMYGGVSNDEQVGNY,6.56353433478
DEEEIRCTNPVATECYGIYSTEEEIGNY,6.77994642795
DEEEIRCTNPVATEQYNSSSDPPEQGPS,5.9634980036
DEEEIRCTNPVATEQYNSSSDPPEQYPS,6.8393825426
DEEEIRCTNPVATEQYNSSSTPPEQGPS,6.93676841224
DEEEIRCTNPVATEVENFSSDPPEQYPS,6.05790083042
DEEEIRCTNPVATEVENSSSDPPEQYPS,6.73004342483
DEEEIRCTNPVCTEQYGAADMNLQTGNG,6.52586668753
DEEEIRCTNPVCTEQYGAADTNLQTGNG,6.86391016608
DEEEIRCTNPVMTEMYGTVDEVEQRGPE,6.12302964185
DEEEIRCTNPVSTECWGIVDENLQVGNS,6.49770364231
DEEEIRCVNPCATEQYGAVCTNLERGND,5.74947452177
DEEEIRCVNPVAYENYGAVAMNLERGNR,7.47123143095
DEEEIRDFNHVATEQYLFASTNRQRGVN,5.89604995102
DEEEIRDTTPIETEHYGAFSINLQRGQV,6.88367181874
DEEEIRFTNPVATEDYGSRSTNLHRYNK,6.84779478241
DEEEIRGTNPVATMQYGSVCTVLQAGNC,6.23190042214
DEEEIRNTNPVATEQYMSVSTNLIQWFR,5.66138165818
DEEEIRPTNPDCTENYGSVAMCEDPGDG,6.62990706043
DEEEIRPTNPFATEQYGSVDTGELAGNE,7.28334929903
DEEEIRPTNPFATEQYGVVDNGELAGDE,6.36827165704
DEEEIRPTNPFATEQYGVVDNGELAGNE,5.75587229297
DEEEIRPTNPMATEQQGSISTNLTEPNW,6.492314127809999
DEEEIRPTNPVATEIYGSVDTEPGDGDN,6.16266736064
DEEEIRPTNPVATEIYGSWDTEPGDGDN,6.52666618605
DEEEIRPTNPVAYQQYGSNNTWKHDGIP,6.881650190729999
DEEEIRPTNPVAYQQYWQVSTNLDRGNR,6.06496004209
DEEEIRPTNPVCTESYGSWSTGLQRGND,6.93976943433
DEEEIRQTNPVATEQYGDAPECPFHEEL,6.29631612691
DEEEIRQTNVMAYEGYGSVSTNLQLGNR,6.71934641695
DEEEIRSTNPVATEVYGWVDEAIFWGDR,6.700188160390001
DEEEIRSTNPVATEVYGWVDEAIFWMDR,6.47049592492
DEEEIRSTNPVATEVYGWVDENIFWGDR,7.03394609827
DEEEIRSTNPVATSVYGGVCIELNVGPR,6.88626893023
DEEEIRTCNPVGIEQMGSVAEDLQIGEM,5.74160732691
DEEEIRTCNPVGIEQMGSVSEDLQIGEM,6.43751081311
DEEEIRTCNPVGIEQMGSVSEDLQIGNR,5.82184633038
DEEEIRTQNPVATQQYGEVMTYLGYENS,5.64895708906
DEEEIRTSNGFATEQYYSVSPNYFLGNN,6.82270380145
DEEEIRTTCCVQTEQYPSVHTNLQRGNR,6.56781747167
DEEEIRTTCPFDTEQYGSVIMNLSRGNR,5.83101906966
DEEEIRTTEPVDSNQFGSVSTNLQDLNR,5.89184996249
DEEEIRTTFPVKTTPMTSVSTNLQRGNR,5.83519474563
DEEEIRTTMLVAYCQYGSVSTNQQRMNR,5.982380822780001
DEEEIRTTNFDATAQCFDWFEDDCHGLC,6.60667022992
DEEEIRTTNFDATAQYGDVFEDDCHGLC,6.1184423723600005
DEEEIRTTNFVATEQYFSVSTTVLIGNH,6.01890669881
DEEEIRTTNFVATEQYGSVHPNDDRGER,6.16946637538
DEEEIRTTNPAATELFGSVSTNGAHGDH,7.01384894862
DEEEIRTTNPAATELFGSVSTNGAHGNH,6.0405014717
DEEEIRTTNPASTELFGVVSNNGAHGDH,6.42329695389
DEEEIRTTNPCASEIYGAVCTNLERGNR,6.650411785459999
DEEEIRTTNPCASELYGSVGTDDEAGNM,6.906938267159999
DEEEIRTTNPCASEQYGAVGSNDQVEDC,5.9016276502
DEEEIRTTNPCATELYGSVFMNWCNGND,6.52469898609
DEEEIRTTNPCATEQYGSVGSNDQVEDC,5.697811944180001
DEEEIRTTNPCATEQYGSVGTNDQVEDC,6.25651850776
DEEEIRTTNPCATETYGCVSSEDCRLNH,7.04681269538
DEEEIRTTNPCATHQIWSVSTNLQRGVK,5.79796358375
DEEEIRTTNPCATVQYGDVWETDQSEEA,7.32172597075
DEEEIRTTNPCATVQYGDYWETDQSEEA,6.934258873159999
DEEEIRTTNPCGTEGMGSVAEDLQIGEM,5.710141204569999
DEEEIRTTNPCGTEGMGSVAEDLQIPEM,5.73676347002
DEEEIRTTNPDATAQYGDVFEDDCHGNC,6.60933514362
DEEEIRTTNPDATAQYGDVFEGDCHGNC,6.85206690588
DEEEIRTTNPDATAQYGDVFEPDCDGNC,7.08893313019
DEEEIRTTNPDATAQYGSVDTGDCPGND,7.338120409
DEEEIRTTNPDATEQCFSWSTNLCRGNG,6.09439689839
DEEEIRTTNPDATEQYGDVFEDDCHGNC,6.310822224630001
DEEEIRTTNPDATEQYGDVFEGDCHGNC,7.07494073372
DEEEIRTTNPDATEQYGDVFEPDCDGNC,7.34966945107
DEEEIRTTNPDATEQYGSVDTDDLYGNA,6.225797958839999
DEEEIRTTNPDATEQYGSVDTGDCPGND,6.889577106499999
DEEEIRTTNPDATEQYGSVDYNLDLGLA,6.62540236108
DEEEIRTTNPDATEQYGSVETDDDEGEV,6.39276258574
DEEEIRTTNPDATEQYGSVETDDDEGNR,6.27943424903
DEEEIRTTNPDATEQYGSVETDDELENS,5.90410222332
DEEEIRTTNPDATEQYGSVETDDELGNS,6.52966825769
DEEEIRTTNPDATEQYGSVETEEDAEEI,7.00014463587
DEEEIRTTNPDATEQYGSVETNDQEEER,6.1697228773
DEEEIRTTNPDATEQYGSVETPLDPGNP,6.65990323444
DEEEIRTTNPDATEQYGSVFEPECNGEN,7.08208283672
DEEEIRTTNPDATEQYGSVFEPLCNGEN,6.706787512469999
DEEEIRTTNPDATEQYGSVSTEEDLENC,7.37325627139
DEEEIRTTNPDATEQYGSVSTPLDFGDC,6.6014051595800005
DEEEIRTTNPDATEQYGSWEHPLQPGNR,6.14338872949
DEEEIRTTNPDATEQYGSWETNEETGEH,6.57070233559
DEEEIRTTNPDATEQYGSWETNLDPGNP,5.966439278909999
DEEEIRTTNPDATEQYGSWETNLETGEH,7.13842674681
DEEEIRTTNPDATEQYGSWETPLQDGDI,6.302488482039999
DEEEIRTTNPDATEQYGSWETPPQDEDI,5.68068479658
DEEEIRTTNPDATEQYGSWETPPQDGDI,6.53213344593
DEEEIRTTNPDATEQYQSVETGAEGGNN,6.97279477395
DEEEIRTTNPDATEQYWSVETNLDDGEP,6.14899143572
DEEEIRTTNPDATEQYWSVETNLDPGEP,5.82706334083
DEEEIRTTNPDATEQYWSVETPDDDGEP,6.6948428595700005
DEEEIRTTNPDATEQYWSVETPDDPGEP,6.76825601743
DEEEIRTTNPDATEQYWSVETPDDPGNP,7.00296515494
DEEEIRTTNPDATEQYWSVETPDEWGEM,6.16359440875
DEEEIRTTNPDATEQYWSVETPLDPGEP,6.09290728025
DEEEIRTTNPDATEQYWSVETPLEWGEM,6.12888915979
DEEEIRTTNPDATEQYWSVETPLEWGER,6.876121684319999
DEEEIRTTNPDATEQYWSVSTGDQPGNP,6.39528257772
DEEEIRTTNPDATEQYWSVSTNLLMEND,7.00379980642
DEEEIRTTNPDATEQYWSVWTGDDRGNR,5.65438447078
DEEEIRTTNPDATEQYWSWEDPDDDGEP,6.93702454984
DEEEIRTTNPDATEQYWSWEDPDDPEEP,6.34083479369
DEEEIRTTNPDATEQYWSWEDPDEWEEM,5.982380822780001
DEEEIRTTNPDATEQYWSWEDPDEWGEM,6.0761315675
DEEEIRTTNPDATEQYWSWETPDDDGEP,6.671696013349999
DEEEIRTTNPDATEQYWSWETPDDPGEP,6.44329682736
DEEEIRTTNPDATEQYWSWETPDEWGEM,6.5587813100000005
DEEEIRTTNPDATIIYGSVSTNLYRENP,6.0306610134700005
DEEEIRTTNPDATQQEWSWEDPDDDEEP,5.82958197916
DEEEIRTTNPDATQQEWSWSTNLQRENR,6.45892086362
DEEEIRTTNPDATQQPWSWEDPDDPEEP,6.93585095908
DEEEIRTTNPDATQQYGSVETDDELENS,6.0769388201800005
DEEEIRTTNPDATQQYGSVFEPECNEEN,6.4663656757800005
DEEEIRTTNPDATQQYQSVETGAEGEEN,5.88100937267
DEEEIRTTNPDATQQYQSVETGAEGENN,5.73817029124
DEEEIRTTNPDATQQYQSVETGAEGGNN,5.87849157964
DEEEIRTTNPDATQQYWSWEDPDDDEEP,6.06261398404
DEEEIRTTNPDATQQYWSWEDPDDPEEP,6.33388203305
DEEEIRTTNPDATQQYWSWEHPDDPGEP,6.86439674975
DEEEIRTTNPDATQQYWSWETPDDPGEP,6.69677178075
DEEEIRTTNPDATSQYYYVSADLQRGNR,6.22535757627
DEEEIRTTNPDAWEIYGSWETNLDRGNR,6.633908025909999
DEEEIRTTNPEATDHYGCWDDDLELEFL,6.63629067722
DEEEIRTTNPEATDHYGSVDDDLQLEFL,6.79888518193
DEEEIRTTNPEATDHYGSVSDDLQLEFL,6.490552345339999
DEEEIRTTNPEATDHYGSWDDDLELEFL,6.38482280607
DEEEIRTTNPEATDHYGSWDDDLQLEFL,6.16117535735
DEEEIRTTNPEATEQYGDVEEDDEHEEA,6.36460295963
DEEEIRTTNPEATEQYGSVDDNEEHGND,5.898966902430001
DEEEIRTTNPEATEQYGSVDTCLNHGDW,6.74855690947
DEEEIRTTNPEATEQYGSVDTDDEQGEI,6.34952575396
DEEEIRTTNPEATEQYGSVDTDDESGED,6.215721724030001
DEEEIRTTNPEATEQYGSVETALDIGDM,5.75998840144
DEEEIRTTNPEATEQYGSVETDDEHEEF,6.04421778734
DEEEIRTTNPEATEQYGSVETNDDRGEW,6.55941560108
DEEEIRTTNPEATEQYGSVETPDQMGEV,7.408074131159999
DEEEIRTTNPEATEQYGSVETPEQDGES,6.24327948427
DEEEIRTTNPEATEQYGSWETDLWWGNR,6.94394464112
DEEEIRTTNPEATEQYWDDEEDDEHEEA,7.31180349351
DEEEIRTTNPEATEQYWDVEEDDEHEEN,5.8214606346
DEEEIRTTNPEATEQYWDVEEEDEHEEN,6.51075979514
DEEEIRTTNPEATEQYWDWEEEDEHEEN,6.6664106656
DEEEIRTTNPEATEQYWSVSTCEEADEV,5.670542413080001
DEEEIRTTNPFAFQQPWSWEDPDDPEEP,6.13033605094
DEEEIRTTNPFATEQYGSVDTCPDMGEL,6.4506388027
DEEEIRTTNPFATEQYGSVDTNPDMGEL,6.25063698472
DEEEIRTTNPFATEQYGSVDTPDDQGMA,6.31436258233
DEEEIRTTNPFATEQYGSVDTPDDQGNA,6.51862191291
DEEEIRTTNPFATEQYGSVETGDDDGNP,6.91587481718
DEEEIRTTNPFATEQYGSVETGLDPGNP,6.4430547788000005
DEEEIRTTNPFATEQYGSVETGPYNGNF,6.73315221647
DEEEIRTTNPFATEQYGSVETKLANGEM,7.32057595471
DEEEIRTTNPFATEQYGSVETPDDPGNP,6.51678358276
DEEEIRTTNPFATEQYGSVETPDLPGNP,6.88028263516
DEEEIRTTNPFATEQYGSVETPLDPGNP,7.1697228773
DEEEIRTTNPFATEQYGSVETPLLPGNP,7.01644265885
DEEEIRTTNPFATEQYGSVHTGLCNGED,7.326335224
DEEEIRTTNPFATEQYGSVHTGPCNGED,6.98623314828
DEEEIRTTNPFATEQYGSWDTGDDPGND,6.70340487308
DEEEIRTTNPFATEQYGSWETNPQAENR,5.83519474563
DEEEIRTTNPFATEQYGSWSTNDIPGNP,6.316381749970001
DEEEIRTTNPFATEQYGYVDTPDDQGMA,6.22404498774
DEEEIRTTNPFATEQYWDWHEGDCDGED,5.79591138562
DEEEIRTTNPFATEQYWSVETELQYGNF,7.02757491875
DEEEIRTTNPFATEQYWSVHTGPCNGED,5.773794200969999
DEEEIRTTNPFATEQYWSWHEGDCDGED,6.04710359064
DEEEIRTTNPFATEQYWSWHEGPCNGED,5.64568937522
DEEEIRTTNPFATEQYWSWHTGDCDGED,5.76352586552
DEEEIRTTNPFATEQYWSWHTGPCNGED,5.96159801584
DEEEIRTTNPFATEQYWSWSTNLFAGEM,6.67470944008
DEEEIRTTNPFATEQYWSWSTNLFRGEM,7.00174614765
DEEEIRTTNPFATLQYGSVETGLIPGNP,6.786861104170001
DEEEIRTTNPFATQQPWSWEDPDDPEEP,6.863513016160001
DEEEIRTTNPFATQQYWSWEDPDDPEEP,7.3725803777
DEEEIRTTNPGATEQYGSVHTGGCQGEN,6.26021633349
DEEEIRTTNPHATCQYGSWHDGEMEGNA,6.26488594046
DEEEIRTTNPHATEQYGSWHDGEMEGNA,6.53171941377
DEEEIRTTNPHATEQYGSWHEPEMTGNP,6.113167430319999
DEEEIRTTNPHATEQYGSWHTGEMEGNA,6.51075979514
DEEEIRTTNPIACEQWGLVSSADFLGLM,6.84779478241
DEEEIRTTNPIACEQYGLVSSADFLGLM,6.64973620828
DEEEIRTTNPIACEQYGLVSTADFLGLM,7.34276740623
DEEEIRTTNPLATQQYWSVETDDDNDNG,7.09009774666
DEEEIRTTNPLATQQYWSVETDDDNGNG,6.92579729441
DEEEIRTTNPLATQQYWSVSTDDDNGNG,7.14511032282
DEEEIRTTNPLATQQYWSWETDDDNDNG,7.4005387397
DEEEIRTTNPPATEPYGYHNQNDSEGEM,5.915874817180001
DEEEIRTTNPPATEQYGSHNQNDSEGEM,6.24567756065
DEEEIRTTNPTATEQYGSVEEGECQGDF,6.48101245174
DEEEIRTTNPTATEQYGSVEEGECQGNF,6.05704182769
DEEEIRTTNPTATEQYGSVSEGECNGDF,7.04305107381
DEEEIRTTNPTATFFYGSVSSDLQRPLR,6.405225380959999
DEEEIRTTNPVAFEPYKSVSTNLFPLNR,7.0833385714
DEEEIRTTNPVAMNQYGSVHTPLQPGNP,6.834054725790001
DEEEIRTTNPVASFIYGSVGNNVQRGNR,6.30485549659
DEEEIRTTNPVATEQEGSWSTPLDDENR,5.81515323073
DEEEIRTTNPVATEQPGSWETNDQREER,5.81032007699
DEEEIRTTNPVATEQYGDASEDECHEDS,5.7684999013
DEEEIRTTNPVATEQYGDASEEECHEDS,5.89278223719
DEEEIRTTNPVATEQYGDVEEDDEHEEA,6.21857904364
DEEEIRTTNPVATEQYGSDETNLLLGDF,5.93268368
DEEEIRTTNPVATEQYGSVETPDDIGNC,6.937292933249999
DEEEIRTTNPVATEQYGSVETPDEVGNC,6.9693865629600005
DEEEIRTTNPVATEQYGSVHTGGCQGEN,7.26887119817
DEEEIRTTNPVATEQYGSVNTNIEYGDC,5.72648848619
DEEEIRTTNPVATEQYGSWDEGPNEGDR,7.46534933545
DEEEIRTTNPVATEQYGSWDEGPQEGDM,6.95797770016
DEEEIRTTNPVATEQYWDVEECDEHEEQ,5.798041747219999
DEEEIRTTNPVATEQYWFVWYNDCEGQQ,6.20263749977
DEEEIRTTNPVATEQYWSVSTCQLFDNR,5.70340487308
DEEEIRTTNPVATEQYWSVWYEDCRGNR,5.91279917561
DEEEIRTTNPVATEQYWSVWYNDCAGHQ,5.758418975080001
DEEEIRTTNPVATEQYWSVWYNLCAGHQ,5.80380677004
DEEEIRTTNPVATEVYGSVDSEEEWGNQ,6.9988607566
DEEEIRTTNPVATEVYGWVDENIFWGDR,5.83064006137
DEEEIRTTNPVATHQYYMVSTNLDEGNE,6.98970905823
DEEEIRTTNPVATLKYGSWSTPLIEGNR,6.43164107802
DEEEIRTTNPVATQMYGSTSANLERPNR,7.0446179549100005
DEEEIRTTNPVCTELYGAVDMDEQRGNV,6.6509565873100005
DEEEIRTTNPVCTELYGSVDMDEQRGNV,6.47999754136
DEEEIRTTNPVSSELYGCTSTPLQAGNS,6.5205408159300005
DEEEIRTTNPVSTEVYGSVDSEEEWGNQ,5.86690360536
DEEEIRTTNPVSTEWWGDVSTALMRGTM,6.978746174359999
DEEEIRTTNPYAMLQYGSVHTNDQPGNR,6.60055646549
DEEEIRTTNPYATCQYGSWHEGEMEGNA,6.27084727476
DEEEIRTTNPYATCQYGSWHEGEMEGNP,6.738170291239999
DEEEIRTTNPYATEIYGFVSNDLGPGTL,6.629404291629999
DEEEIRTTNPYATEQYGFVSNDLGPGTL,7.42337625648
DEEEIRTTNPYATEQYGSDEEDECHGDS,5.660655225619999
DEEEIRTTNPYATEQYGSVEEGDTWEDT,6.89017338468
DEEEIRTTNPYATEQYGSVETGDTWENT,6.63105402885
DEEEIRTTNPYATEQYGSWHEGEMEGNA,6.04406017603
DEEEIRTTNPYATEQYGSWHEGEMEGNP,6.47791653845
DEEEIRTTNPYATEQYWSVEEGDTWEDT,6.77199195834
DEEEIRTVNADADEQYDSVSTILQWVNR,6.34742740324
DEEEIRTVNPASTELFGVVSNNGAHGDH,5.80180857714
DEEEIRTVNPCATETYGCVSSEDCRLNH,6.36189640922
DEEEIRTVNPIASEQYGNVSSNLQRLND,7.431640407150001
DEEEIRTVNPVACEQYGSVETPLYRGNF,6.83201514809
DEEEIRTVNPVATEQYKSVCTNEQVVNC,6.582981072659999
DEEEIRTVNPVCTEQYGSVDTNIQRGMA,6.54007248119
DEEEIRTVNPVFTSQYGSVSTNCQRNHR,6.78547600602
DEEEIRTVNPVGTELYGSVSMDLIRGNR,7.03145907076
DEEEIRTWNPVLTEQYGSVDKNHCTGNP,6.257779053969999
DEEEIRYTNPVAIQQYGSLSTNLFRGNR,6.21797804591
DEEEISCTNPVCTEIYGSVSENDQMGNF,6.57608604301
DEEEISCVNPCSTEQYGSVSDEDQRGNT,6.65150377117
DEEEISQTNPDATEQYGSASTGENRGNN,7.262832281690001
DEEEISTTNPCANVLWGDYWETDMSEEA,6.27744608742
DEEEISTTNPCANVQWGDYWETDMSEEA,6.9571614653200005
DEEEISTTNPCATVQYGDYWETDMSEEA,7.351016170039999
DEEEISTTNPCATVQYGDYWETDQSEEA,6.70863203474
DEEEISTTNPCSNVLWGDYWETDMSEEA,5.68217419503
DEEEISTTNPDATQQYQSVETGAEGEEN,5.924736331419999
DEEEISTTNPQDTEQYGSFMEFEYPGQN,5.80180857714
DEEEISTTNPQDTEQYGSFSEFEQRGQN,6.09225844055
DEEEISTTNPVATEVCGSVSDELYGGAN,6.96752442002
DEEEITPTNPQATEQYGSVTTGLQYGNR,5.91979855379
DEEEITQTNPVATEQYGVVSTEDQAGET,6.409221768669999
DEEEITSTNPVATECYGIASYNLMRLTQ,6.91830275787
DEEEITSTNPVATEQYGIASYNLMRLTQ,6.428108614959999
DEEEITSVNPVASECYGIASYNLMRLTQ,6.09439689839
DEEEITTTNPEATEHWGSVEEELELGDF,6.04095649243
DEEEITTTNPVATEQYGIASYNLMRLTQ,5.934410424719999
DEEEITTTNPVATEQYGSVDTDWCAGNC,6.76352586552
DEEEITTTNPVCTEQYGDADTDLCHGNA,5.94782360074
DEEEITTTNPVCTEVYGAVSDAEEVGNT,6.77379420097
DEEEITTTNPVCTEVYGAVSDNEEVGNT,5.792435198680001
DEEEITTTNPVSVEMYGSVSTNPQLGNV,6.0243611289
DEEEITTTNPVSVEMYGTVSANPQLGNV,6.82217466334
DEEEITTTNPVSVEMYGTVSTNPQLGNV,6.54219230297
DEEEIVATNPVCTEPFGNIGTNLQVGNR,6.8375701114
DEEEIVATNPVCTEPFGSIGTNLQVGNR,7.280892253239999
DEEEIVATNPVCTEQFGSIGTNLQVGNR,7.1520114267
DEEEIVGTNPVATEWFGSAATNLQRGNR,6.77869300038
DEEEIVTTNPVSTECFGSVSTSGQCPEI,5.863061539069999
DEEEIVTTNPVSTECFGSVSTSLQCPEI,7.436981869
DEEEIVTTNPVSTECFGVVSTSGQCPEI,5.73178667445
DEEEIWSTNPVATEMYGGVSTTLQRGQM,6.19861272104
DEEEIWTTNPVALMNYGSVSTNGQPGNR,6.66276288858
DEEELAGTNPCATEQFGDATEILQAPGR,6.49445798281
DEEELAGTNPVATEQFGDATEILQAGGR,5.79498842324
DEEELAGTNPVATEQFGDATEILQAPGR,5.89739448261
DEEELAGTNPVATEQYGDATTILQAGGR,5.75176789464
DEEELKAVNPCATESFGSVPTNVQRLNS,6.398285065880001
DEEELRATNPCATESFGSVPTNVQRLNR,6.96159801584
DEEELRAVNPCATESFGSVPTNVQRLNR,6.365436766929999
DEEELRAVNPCATESFGSVPTNVQRLNS,5.647641601559999
DEEELRAVNPVASEVYGGVGMNLQRGNQ,6.41961190708
DEEELRCTNPVASELYGTVAMNLQRGNQ,6.1019513688
DEEELRCVNPVASELYGVVSMNLQRGTQ,5.70832036349
DEEELRTTNPIACEQWGLASSADFLMLM,6.22929829176
DEEELRTTNPIACEQWGLVSSADFLGLM,6.43971004378
DEEELRTTNPIACEQWGLVSSADFLMLM,6.15199493207
DEEELRTTNPVITEHYGSVETNDERGNR,5.806362063430001
DEEELRTVNPIATEPYGSISNNLQRGNR,7.05400727669
DEEELRTVNPVATECFGSVSTVLQRGTR,6.37583021505
DEEEMRTTNPSYFEHYRSVSTNLPRHNR,7.05453060854
DEEEMRTTNPVYFEHYRSVSTNLPRHNR,6.98992763183
DEEENDTTEPCATEQYTSVSTNFQRGNR,6.59237356069
DEEEQCTTNPVENEQYGKVSTNLQMGNR,5.90985575055
DEEEQGTTNPYANLYWYSNENLGINGIP,5.88140317506
DEEETRTTNPISTEQYGCVSTNFERGNR,6.55542884447
DEEETRTTNSVGTSQIGSVSTNLQRGNG,5.79962018834
DEEEVAAVNPCASEQFGCTSTNWERGNR,6.18638852432
DEEEVAAVNPCASEQYGCVSTNLERGNR,7.08315362235
DEEEVFTANPVATHPYGSVSTNLQRGWR,6.18899804064
DEEEVHTTNPVSTEQYGQVSTDDQRGNR,6.8951004971900005
DEEEVRATNPCATEQFGCTSANLEIGNR,7.00825945461
DEEEVRATNPIASEIYGSVSMNLQRGNR,6.095722295859999
DEEEVRAVNPVASEQYGCVSTNLERGNR,7.08242547324
DEEEVRAVNPVATELYGGVGSNLERGNR,6.657864089169999
DEEEVRAVNPVATELYGGVGTNLERGNR,6.12246103824
DEEEVRAVNPVCTELYGSVGTNLQRGNR,6.0417633124600005
DEEEVRAVNPVSTEGYGCVATNLQRLPQ,6.28249080746
DEEEVRCTNPVASEIYGCVSMNLERGNR,6.14152598547
DEEEVRCTNPVASEIYGSVSMNLERGNR,6.31541219681
DEEEVRCTNPVSTEWYGGVGMNLQRGNR,6.601525259060001
DEEEVRCVNPIATEIYGSVATNLQRGNR,6.34701336862
DEEEVRCVNPVSTEWYGGVGMNLQRGNR,6.0618588439900005
DEEEVRTTNPIASELYGCVSSNLQRGNR,5.77830968209
DEEEYRTANAVVTEYRYWVSEILQRGNR,7.010494458989999
DEEFERTTNPVATEQYGKESGNMIRGSR,5.83064006137
DEEFITGGNPVACNHYGCVSPNLQRCNR,5.96056271258
DEEGIFTTDGVATEQYGSTSTNLGRGNR,6.01630958732
DEEGIRTTNPVATMQYNSVPTNLQYINR,6.98238082278
DEEHIRPTNPVAYQQYGSNNTWKHDGIP,6.24253272008
DEEIIRATNPVATLQYGSVWHSGDEGIL,6.30485549659
DEEIIRATNPVATLQYGSVWTSGDEGIL,5.75306275939
DEEIIRATNPVATLQYGSVWTSGDEGNL,6.150754102980001
DEEIIRATNPVATLQYGSVWTSLDEGNL,6.42710186609
DEEIIRTTNPVATLQYGSVWTSLDEGNL,6.434410704839999
DEEMIRTTNPDCTEQYGSVSTNDCRGND,7.06888512871
DEEMIRTTNPFATEQYGSVETGLDPGNP,5.70340487308
DEEMIRTTNPVAQETQGSNSTNLQRGCF,6.117129783819999
DEEMIRTTNPVAQETQGSNTTNLRRGCF,6.56931197749
DEEMIRTTNPVATLKYGSVSTPDIRGNR,6.25996456199
DEEMIRTTNPVATLQYGSVHTGDIRGNR,7.07537365047
DEEMIRTVNPVAFEFYWSWSTNLQRGNR,7.293801259849999
DEENCNTTNPVATEDYGSVSTNLQKGKR,6.37325627139
DEEPIRTTNPVADEHYGSVLWNLLRGNR,6.174476407269999
DEEPIRTTNPVATEQYGSVRTLVCLGNR,5.85201936827
DEEPQGTTNPYANLYWYHNENLGINGIP,5.72170568982
DEEQIRTTNPDATQQYGSWSTNLDPGNR,6.56781747167
DEEQIRTTNPVAYMQYWSVSTNGQRGIR,5.96456686458
DEERIRYTNQVATEQYPSVKTNSQRGNR,5.8398240713
DEESIASVNPVCTFTYGSVVDNFQSGSQ,7.299863012639999
DEESIRTTNPVATIQYQSVSTDLYRGNP,6.1624975524300005
DEETIRTTNPVATQQYWSVSTGLQRGIP,5.82539539746
DEEVIHVTNPVATFPYGSRGFPLQRGTR,5.64286333114
DEEVIHVTNPVATFPYGSVGFPLQRGTR,5.807741532890001
DEEVIRTMIAVATQQMGSVSTVFQRFNL,5.6982615698
DEEVIRTTNPCYTLQYGSVVTNLQDGNR,6.79315952584
DEEWIRPTNPVATEQYWSVSTNLFDGNP,5.83616008193
DEEWIRTTNPVAHEQWGHVSTNEYYGGR,6.7336987953900005
DEEYIRTTNPDATIIYGSVSTNLYRENP,5.87030218182
DEEYIRTTNPDATQQYGSVFEPPDNGEN,6.37749326427
DEEYIRTTNPDATQQYGSVFTPDDDGND,6.589615215849999
DEEYIRTTNPDATQQYGSVSTPDDDGND,5.734655807059999
DEEYIRTTNPDATQQYGSVSTPDDDGNF,6.34083479369
DEEYIRTTNPSATEQYGSVSEDDDTEEM,5.9333309671
DEEYIRTTNPSATEQYGSVSEDDDTGEM,6.67080020765
DEEYSRTTNPVATENYGSVSTNGIRGNG,5.77605017491
DEFEIAACNPVGHEMFGTMSDAEEIETR,5.98302216311
DEFEIAACNPVGHEMFGTVSDAEEIETR,7.40081777474
DEFEIAACNPVGTEMFGTVSDAEEIETR,6.36523613718
DEFEIGGTNPVCTEHYGLVSDTLQRGMA,5.714649630249999
DEFEIGGTNPVCTEHYGSVSDTLQRGNA,6.067026862860001
DEFEIGGTNPVCTEQYGSVSDTLQRGNA,6.61263940915
DEFEINATNPVCTEMYGDASDFIQHMNV,6.0983767493
DEFEINATNPVCTEMYGDVSDFIQHMNV,6.27213927594
DEFEINATNPVCTEMYGDVSDFIQRMNV,6.183072430959999
DEFEIRTTNPVAMEAYISVQTNLHRGNR,6.02694401787
DEFEIRTTNPVLTEQYQSVSTNPQFFQF,6.04444179091
DEFMIRTTNPVATFQCGSVFTPLQRGNR,5.76480541774
DEGEIRCTNPEATEQYGQVSTNLYWGND,6.49559998796
DEGEIRTVNPIASEQYGNVSSNLQRLND,7.06731388067
DEGEIRTVNPIGSEQYGNVSSNLQRLND,6.0513281765
DEGEITTTNPVSVEMFGTVSAAPQLGPV,6.1184423723600005
DEGEITTTNPVSVEMYGTVSAAPQLGNV,6.87849157964
DEGEITTTNPVSVEMYGTVSAAPQLGPV,6.58769050142
DEGEIVATNPVATEVYGDVSTNIYHGPF,6.4556551957
DEGEIVATNPVCTEVFGDVSTNIYHGPF,5.65438447078
DEGEIWQTNPDATEQYGVVAENIQPGND,6.36468153565
DEGEIWQTNPDATEQYGVVATNIQPGND,6.29285476479
DEGEIWTTNPDATEQYGVVATNIQPGND,6.67029656127
DEHEIAGVNPVSTEQYGCVSCNLQRGEA,5.88975454449
DEHEIAGVNPVSTEQYGCVSCNLQRGNA,5.93249194699
DEHEIATTNPCATEQYGDAFEDECHEDQ,6.76414403094
DEHEIATTNPVATEQYGDADEDECHEDS,5.77132594538
DEHEIRTCNPVGTEQYGSVSTRLQRNQE,6.26768712096
DEHEIRTTNPVATEQYGDASEDECHEDS,6.06407666924
DEHEITAVNPCSTESYGSADENEQDGNI,5.94685890994
DEHEITTTNPCATEQYGSADENEQDGNI,7.16498495829
DEHEITTTNPCATESYGSADENEQDGNI,6.69447174831
DEHEITTTNPCSTESYGSADENEQDGNI,6.676769746570001
DEHEIVSTNPVASSVYGGVCIELNVGPR,6.89408843469
DEHEIWTTNPCATEQYQIVSTNLQHGNR,5.710784403440001
DEHEMYTANGVACFQYGLVPTNLPRGNR,6.02901801477
DEHEVRTTYPVWTENYGSVASNLQRDNY,6.24605656894
DEHEVRTTYPVWTEQYGSVATNLQRDNY,5.98865731825
DEIEIGCTNPVATEQYGSADENLDRLLQ,6.9455869451000005
DEIEIGCTNPVATEQYGSADENLQRLLQ,7.04587374641
DEIEIGCTNPVATEQYGTADENLDVGNQ,6.084495040429999
DEIEIKQTNPVSTEMYGGVSEQLQRGTR,5.66677595109
DEIEIKQTNPVSTEMYGGVSEQVQRGTL,5.74751456106
DEIEIRCTNPFAWETYGTNSNNECRGIR,5.77199195834
DEIEIRCTNPVATEQYGTADENLDVGNQ,7.05658390195
DEIEIRQTNPVSTEMYGGVSEQLQRGTR,6.406423135319999
DEIEIRTVNPDATEQYGGVETDLQNGNE,5.73078131201
DEIEIRTVNPDATEQYGGVETDVQNGNE,5.91780450366
DEIEITTVNPDATEQYGGVETDVQNGTE,6.59019426263
DEIEIVATNPVATEQYGWVSTLLQHGGT,6.10972515526
DEIEIVATNPVSTEQYGWVSTLLQHGGT,6.58513263695
DEIEIVTTNPVATEMYGNCSTLLQRGNR,6.30666819054
DEIEIYTTNPVSTENYGSCSCLLQHGNR,6.22535757627
DEIEVVGTNPVASEVYGCCSDILQHLNR,5.81032007699
DEIEVVTTNPVASEVYGCVSTILQHLNR,5.96744499177
DEIEVVTTNPVATEVYGCVSTILQHLNR,6.1190561294200005
DEKEIRTTNPFATEQYGSVSTNGAREVR,6.27809903835
DELEIRTTLFVATCQQFILQTTVLIGAH,6.543651676690001
DELEISTTNPVATEVCGSVSDELYGGAN,6.82662188932
DELEISTVNPVATEVCGSISDELYGGAN,5.646573650480001
DELEISTVNPVATEVCGSVSDELYGGAN,5.65714928212
DELELRTVNPTAWEQYGDVAEEPMFYLR,6.14152598547
DELELRTVNPTAWEQYGDVAEEPMFYNR,6.13438391623
DELELRTVNPTAWEQYGSVAEEPQFYNR,6.7302464853
DELELRTVNPTCWEQYGDVAEEPMFYLR,5.799264888490001
DELELRTVNPVAWEQYGSVAEELQFYNR,6.646304465849999
DELELRTVNPVAWEQYGSVSEELQFYNR,5.8247111693
DELELRTVNPVAWEQYGSVSTELQFGNR,7.11257576518
DELELRTVNPVAWEQYGSVSTELQFYNR,6.47001345279
DEMEHITTNPVATEQYPSVSKNQQRGNR,5.721438795909999
DEMEIDTQNPVATEQYGSVSTNTLRYLR,5.83268789002
DEMEIIQVNPYATEQYGDCSTPLQHMTG,5.78493475857
DEMEIRMTNPYCTAQYVSVSTNLQRGNR,6.03945407621
DEMEIRMVNPYCTAQYVSNSTNDQRGDQ,6.057740165009999
DEMEIRMVNPYCTAQYVSNSTNDQRGNQ,6.4156025621
DEMEIRQVNPVATEQYGSCSTPLQRGTG,6.461937316549999
DEMEIRTTNPDATDQYGSVEYEDFLDEQ,6.35875670169
DEMEIRTTNPDATDQYGSVEYELFLDEQ,6.57914677012
DEMEIRTTNPVATDQYGSVETELQLDER,6.31345835476
DEMEIRTTNPVATDQYGSVEYELQLDEQ,6.34083479369
DEMEIRTTNSVATEQYGNVSGNLQRDPR,5.86439674975
DEMEITTTNPVAFEQYGSVVHGLQRMHN,5.88272857252
DEMEITTTNPVAFEQYGSVVHNLQRMHN,6.68224026308
DEMEITTTNPVATEQYGCVDMDWCAGNC,5.78283934057
DEMEITTTNPVATEQYGSVDMDWCAGNC,6.86459713798
DEMEITTTNPVATEQYGSVDTDWCAGNC,6.28579343014
DEMEITTVNPVATEQYGCVDMDWCAGNC,6.13663548912
DENEIAQTNPFATEQYGDVSTDQEVGED,6.61263940915
DENEIAQTNPVATEQYGVVDTDDEVGEL,7.410829996449999
DENEIAQTNPVATEQYGVVDTDLEVGNL,7.15121740845
DENEIMATNPTCTEIFGDVSEEVQSEDF,6.20090453255
DENEIMATNPTCTEIYGDVSEEVQSGDF,5.95934985413
DENEIMATNPTCTEQYGDVSEEVQSGDF,6.20143173703
DENEIRCTNPCASEIYGAVCTNLERGNR,7.3376973928
DENEIRCTNPDATEQYGVVSEEGEMGNW,7.31497273038
DENEIRCTNPDATEQYGVVSEEGERGNW,7.21797804591
DENEIRCTNPDATEQYGVVSEEGQMGNW,7.19298932572
DENEIRCTNPDATEQYGVVSEEGQRGNW,6.77418466674
DENEIRQTNPVMTENYGQASTNLERGND,6.12829015831
DENEIRQTNPVMTENYGQASTNQERGND,5.9747068949
DENEIRQTNPVMTENYGSASTNLERGNR,6.00486886541
DENEIRQVNPVMTENYGQASSNQERGTD,6.66276288858
DENEIRQVNPVMTENYGQASTNQERGTD,6.29056158721
DENEIRSTNPVATEVYGWVDEAIFWMDR,5.81032007699
DENEIRTTNPLATQQYWSWEDDDDNDEG,6.54332765759
DENEIRTTNPLATQQYWSWETDDDNDEG,6.2511975812100005
DENEIRTTNPVAGFWYGIVTEEEQSGNF,6.64240380095
DENEIRTTNPVATECYGDYSEAEMVGNW,7.13489289314
DENEIRTTNPVATEQWGDYHEIEMQEDA,7.07089044288
DENEIRTTNPVATEQYGDASEEECHEDS,5.758687308580001
DENEIRTTNPVATEQYGDYSEAEMVGNW,7.09933354941
DENEIVGVNCFCSECYGYVSTGLQVLLQ,6.39528257772
DENEIVQTNPVATEQYGDASENLMHMQQ,6.50530536504
DENEIVQTNPVATEQYGSVSTDDDHGNL,7.13572036379
DENEIVQTNPVATEQYGVVSTDDQHGNL,7.08264321546
DENEIVTTNPCATEIYGDAPTGLLPPTD,6.84140510712
DENEIVTTNPCATEIYGDAPTGLLRPTD,6.96327199983
DENEIVTTNPCATEIYGDVPTGLLRPTD,7.22782583186
DENEIVTTNPCATEIYGDVPTGLQRPTD,7.40328063798
DENEIVTVNPFATEQYGSVSTGLQVGNQ,6.52803778657
DENEIVTVNPFCSECYGYVSTGLQVLLQ,6.37633347491
DENEIVTVNPFCTECYGSVSTGLQVGNQ,6.75106013925
DENEIVTVNPFCTECYGSVSTGLQVLNQ,6.93770370386
DENEVRCTNPCASEIYGAVCTNLERGNR,5.76979227041
DENEVVTVNPVATEQYGSTSTNLQVGNR,7.202314929609999
DEPEIRTSNPVATEMYGSYDTNLTRGNR,5.70966386355
DEQEIAQVNPVSTEVYGSVSEVLQHGGR,6.08822775931
DEQEIATTNPVATEQYGDVDEDDCHGNA,5.77523761784
DEQEIATTNPVATEQYGDVSEDDCHGNA,7.20590056614
DEQEIATTNPVCTEQYGDVDEDLCHGNA,5.850509167109999
DEQEIMAVNPCCTELYGEVDEDDEQLNA,5.69959325913
DEQEIMAVNPVCTEQYGEVDEDDQQLNA,5.65393619681
DEQEIRATNPAATEIFGEVSDNPQTGPA,6.42015724635
DEQEIRATNPIASEIYGAISMNLERGNR,6.14152598547
DEQEIRATNPIASEIYGAISMNLQRGNR,6.23548179355
DEQEIRATNPIASEIYGAISTNLQRGNR,6.327256387189999
DEQEIRCTNPVASEVYGCVGMNLQRGNR,7.39430081855
DEQEIRCTNPVATEPYGDADEEECHGNQ,6.13469826311
DEQEIRPTNPVATEIYGSWDTEPGDDDN,6.26826616774
DEQEIRPTNPVATEIYGSWDTEPGDGDN,6.166805393919999
DEQEIRPVNPVATEQYGSMSTNLQNGEM,5.6538376588
DEQEIRSTNPVATEWYGNVSDCLMGFNL,6.67863696793
DEQEIRSTNPVSTEWYGNVGDCLMGFNL,6.55656348475
DEQEIRSTNPVSTEWYGNVSDCLMGFNL,5.93081536918
DEQEIRTTNPDATEQYGSVETEDEPGDI,6.16026254805
DEQEIRTTNPDATEQYGSVETNDEQGEF,7.0135732545
DEQEIRTTNPDATEQYGSVETNDEQGNF,5.90985575055
DEQEIRTTNPDATEQYGSVSTDEDLGEP,7.262832281690001
DEQEIRTTNPDATEQYGSVSTEDEREDI,7.13098762568
DEQEIRTTNPEATDHYGCWDDDLELEFL,6.53347987164
DEQEIRTTNPEATDHYGCWDDDQELEFL,5.900706313450001
DEQEIRTTNPEATEHYGSVETPETIGEI,6.55858832023
DEQEIRTTNPEATEQYGLWDYEEEPEYE,5.766598699569999
DEQEIRTTNPEATEQYGSVETDDEHEEF,6.12200728921
DEQEIRTTNPEATEQYGSVETDDEIEER,6.09727776236
DEQEIRTTNPEATEQYGSVETDDEIGEA,6.025499308360001
DEQEIRTTNPEATEQYGSVETDDEREER,6.41389825588
DEQEIRTTNPEATEQYGSVETDDEVEEF,7.13323937428
DEQEIRTTNPEATEQYGSVETDDEVGEF,6.312490168
DEQEIRTTNPEATEQYGSVETDLEMEEG,6.169305248840001
DEQEIRTTNPEATEQYGSVETDLEMGEG,5.98024507844
DEQEIRTTNPEATEQYGSVETDLEVGNF,5.70340487308
DEQEIRTTNPEATEQYGSVETNDEVEEF,5.966439278909999
DEQEIRTTNPEATEQYGSVETNDEVGEF,6.03758811987
DEQEIRTTNPEATEQYGSVETNDQVGEF,5.64946606597
DEQEIRTTNPEATEQYGSVETPETIGEI,6.751576586380001
DEQEIRTTNPEATEQYGSVSTDDEIGEF,6.70863203474
DEQEIRTTNPEATEQYWSWDELQDFGNM,5.72526430704
DEQEIRTTNPFATEQYGSVETDLEAEED,5.78444144517
DEQEIRTTNPFATEQYGSVSTNPDRDER,7.344249458109999
DEQEIRTTNPFATEQYGSWEDKDANEEM,5.70340487308
DEQEIRTTNPFATEQYWSVEPDLEAEED,5.67122446733
DEQEIRTTNPFATEQYWSVETDLEAEED,6.65379442486
DEQEIRTTNPVATELWGSVDENEELGNF,7.25510491967
DEQEIRTTNPVATELWGSVDENEMQGNW,5.90410222332
DEQEIRTTNPVATEQYGDVDEEECHGNQ,6.1351211135
DEQEIRTTNPVATEQYGLVDYEEEPEYE,5.67981805276
DEQEIRTTNPVATEQYGLVDYEEEPGYE,6.29698786799
DEQEIRTTNPVATEQYGLVDYNEEPGNE,6.525259364830001
DEQEIRTTNPVATEQYGSVDTDEDLGEP,6.59648966916
DEQEIRTTNPVATEQYGSVETDDEIGEA,6.21993766812
DEQEIRTTNPVATEQYGSVETDDEIGEF,6.8184632503
DEQEIRTTNPVATEQYGSVETDDEQGEF,6.89558268137
DEQEIRTTNPVATEQYGSVETDDEVGEF,6.95279611463
DEQEIRTTNPVATEQYGSVETDEEDGEF,6.4456071156100005
DEQEIRTTNPVATEQYGSVETDLEAEED,7.17090979225
DEQEIRTTNPVATEQYGSVETEDEPGDI,6.21618286997
DEQEIRTTNPVATEQYGSVETEDEPGNI,7.1026750565
DEQEIRTTNPVATEQYGSVETNEDWEDV,6.656253779709999
DEQEIRTTNPVATEQYGSWEDAEDWEDV,6.31361332496
DEQEIRTTNPVATEQYGSWEDAEDWGDR,7.02809587026
DEQEIRTTNPVATEQYGSWEDAEDWGDV,7.44935925047
DEQEIRTTNPVATEQYGSWEDAEDWGNR,6.09250558317
DEQEIRTTNPYATEQYWSWEEGDTWEDT,5.77895590609
DEQEIRTVNPISTEQYGSAVTNLQRGNR,6.1257694325
DEQEIRTVNPVCTEVFGWVSSNLQRGNR,6.13171472945
DEQEISTTNPDATAQYGGVSDCEETDEQ,5.68117492569
DEQEISTTNPDATAQYGGVSDCEETGEQ,5.70914124263
DEQEISTTNPDATAQYGGVSTCLETGEQ,6.48730082231
DEQEISTTNPDATAQYGGVSTNLETGEQ,6.75273258544
DEQEISTTNPDATQQYQSVEEGAEGEEN,6.31698805174
DEQEISTTNPDATQQYQSVETGAEGEEN,6.03827202367
DEQEITATNPAATEIFGEVSDNPQRGNA,6.16161023151
DEQEITATNPAATEIFGEVSDNPQRGPA,6.17090979225
DEQEITATNPAATEIFGEVSDNPQTGPA,6.31913972259
DEQEITATNPAATEIFGEVSTNPQRGNA,7.09065130631
DEQEITTTNPEATDHWGSVEEEEELEDF,6.1026750565
DEQEITTTNPVCTEQYGDVDEDDQHGNA,6.24397325444
DEQEITTTNPVCTEQYGDVDEDLCHGNA,6.41454447988
DEQEIVTTNPEATEHYGSVETPETIGEI,6.20756826283
DEQEIYSTNPVSTEWWGNVGDCLMGFNL,6.09982669419
DEQETRTVNPVCTDVFGWSSSNLQRPMC,5.67155600704
DEQETRTVNPVCTEVFGWVSSNLQRGNR,5.722263900330001
DEQETRTVNPVCTEVFGWVSSNLQRPMR,5.89479561671
DEQETRTVNPVCTEVFGWVSSNLQRPNR,7.46920730569
DEQEVRATNPIATEIYGSVSMNLQRGNR,6.97251379332
DEQEVRATNPIATEMYGSVSNNLQRGNR,7.26475125554
DEQEVRATNPVASEIYGSVSMNLQRGNR,6.0983767493
DEQEVRAVNPCASEVYGVVAMNLQRGNR,6.21048026355
DEQEVRAVNPCSSEVYGVVAMNLERGNR,5.68574620658
DEQEVRCTNPVACEMYGSVSSNLQRGNR,6.20765557454
DEQEVRCTNPVASEIYGCVAMNLERGNR,6.62248487769
DEQEVRCTNPVASEIYGCVATNLERGNR,7.41624219635
DEQEVRCTNPVASEIYGSVSTNLERGNR,6.876797578
DEQEVRTTNPVASEIYGAVSTNLERGNR,6.30529067684
DEQEVRTTNPVASEIYGCVSMNLQRGNR,5.93383461348
DEQEVRTVNPCASEVYGVVAMNLQRGNR,6.47091045668
DEQEVRTVNPCATEVYGVVAMNLQRGNR,6.5626465368
DEQLIRTSNPDKYDQYGSVIQNLICDEQ,5.76246490252
DERWIRGTNCVTHEQWGHVHSCEYYGGW,5.876553775390001
DESEIATTNPPATEPYGYHNQNDSEAEM,6.88950409111
DESEIATTNPPATEPYGYHNQNDSEGEM,6.634896095149999
DESEIATTNPPATEPYGYHNQVDSEAEM,7.22387864735
DESEIATTNPTATELYGSVDEDLQQGND,7.24848650514
DESEIRAVNPVATEIYGVMSTDLDYGEA,6.64215768425
DESEIRAVNPVATEQYGSVSNQLQRGTR,6.748492762610001
DESEIRCTNPVATETYGDASNILQRGNS,6.48730082231
DESEIRCTNPVATETYGDASTILQRGNS,7.197470618520001
DESEIRCVNPVATEIYGCVGTNLQRGNR,6.33124874486
DESEIRTTNPPATEPYGYHNQNDSEGEM,6.00355245193
DESEIRTTNPVCTEPYGCVSTNDCRGNR,6.45732053617
DESEIRTTNPVSSELYGCTSTPLQAGNS,6.55257997083
DESEIRTVNPVATEQWGSVSTNDICGNR,6.01599510339
DESEIVQTNPDATEQYGSVSTNLCYGDT,5.805703448919999
DESEIVQTNPDAVEQYGSVSTNLCYGDT,5.780254215969999
DESELKAVNPCASESFGSVPNNVQRLTS,6.334682566710001
DESELKAVNPCASESFGSVPTNVQRLNS,5.78063394645
DESELKAVNPCASESFGSVPTNVQRLTS,6.44802403979
DESELKAVNPCATESFGSVPTNVQRLNS,6.253601955640001
DESELKAVNPVASEQYGSVSNQVQRGTR,6.78183152003
DESEVRQTNPTACECYGVCSENLQRGQR,6.284409360230001
DESEVRQTNPTACECYGVVSENLQRGQR,6.337443314669999
DETEICGTNPTLTEQYGFVMTFLAQGNG,5.891408568869999
DETEICGTNPVLTEQYGFVMTFLAQGNG,5.68701043483
DETEIGTTNPYSTEQWGEVSEIAMYEEC,6.33287909468
DETEIRTVNPVATEQYGTTGTEDETENI,7.16283649172
DETFIRTTNPVATEQYGSVSGNGVRGNG,7.43076047307
DEVEIAATNPTATELFGGVSENEQQGDF,5.92118066634
DEVEIAATNPTATELFGGVSENEQQGNF,6.30085831798
DEVEIAATNPTATEMFGGVSENEQQGTF,6.28484258573
DEVEIAATNPTATEMFGGVSENLQRGTF,5.85459034392
DEVEIAATNPTATEQYGGVSENEQQGNF,7.2883673738
DEVEIACTNPVCTECYGTASDDWQHGNG,7.12154828322
DEVEIASTNPVGTETYGIIPTEEEHFLG,6.87472310982
DEVEIATTNPTATELYGGVSENEQQGNF,6.35582396791
DEVEIATTNPTATEQYGDVSELECQEDF,5.9680255298
DEVEIATTNPTATEQYGEVSELECQEDF,6.46696467726
DEVEIATVNPVAHEIYGIVSTAWQIGDF,6.55901496374
DEVEIGTTNPTGTETFGEVSEALQNEGR,6.99723243246
DEVEIGTTNPTGTETFGEVSTALQRGGR,6.2995079314
DEVEIICCNCTCTECFGEVDNDVDNGTA,6.42937146829
DEVEIRCTNPTCTECFGEVSNDLQNGTA,5.90589773698
DEVEIRCTNPTCTECFGEVSNDVQNGTA,6.59151199301
DEVEIRCTNPTCTECFGEVSTDLQNGTA,6.59019426263
DEVEIRTTNPCATELYGWVSTNECTGNF,5.65093745318
DEVEIRTTNPEASEQYGHVSTGLLVGNE,6.8751712213400005
DEVEIRTTNPEATEQYGHVSTGLLVGNE,6.64286333114
DEVEISQTNPESSENYGHVSTGQLVGPE,5.888322589
DEVEISTVNPEATFIFGCVSANWQQGNF,6.716909137429999
DEVEITCTNPCCTEVYGAVDDAEEVGNT,6.24507581089
DEVEITCTNPVCTEQYGAADMNLQTGNG,6.50019055343
DEVEITCTNPVCTEVYGAADMEWQTGNG,6.253926728469999
DEVEITCTNPVCTEVYGAVDDAEEVGNT,6.026726203269999
DEVEITCTNPVCTEVYGAVSDAEEVGNT,6.792530763549999
DEVEITSTNPVATEQYGGVSTNLMRLTI,6.73721958607
DEVEITSVNPVATEQYGGVSNNLMRLTI,6.74068588916
DEVEITSVNPVATEQYGGVSTNLMRLTI,5.72648848619
DEVEITTTNPCATELYGWVSDNECTGNF,7.02549930836
DEVEIVATNPTATEMFGSVSTNLQHGPF,6.27809903835
DEVEIVATNPTATEQFGSVSTNLQHGPF,6.71401297264
DEVEIVTTNPAASEQYGWVSTNLQNGNF,6.650411785459999
DEVEIVTTNPAASEQYGWVSTNSQNGNF,5.95900389657
DEVEIVVTNPAASEQYGWVSTNSQNGNF,5.90589773698
DEVEIYSTNPFATEGYGTVSTAPNRGNQ,5.64895708906
DEVEIYTTNPVVTEQFGVVNENSQGGGM,6.188831700250001
DEVEIYTTNPVVTEQFGVVNENSQRGGM,6.485224703030001
DEVELRTTNPPATEFYGSVSTNNQKGNR,6.63629067722
DEVETAATNPVATENFGWVSSNLQRGNR,6.974706894900001
DEVETRTTNPVSTEQYGSVDMNLDRGNR,5.68875809711
DEVTIAGTNPEATECYGDVSANEQHGDF,6.0629472597700005
DEVTIAGTNPEATECYGDVSANEQHGNF,6.22611271633
DEVTIAGTNPEATECYGSVSTNEQHGNF,6.435769899369999
DEYEINTTNPVATIQYGSCSTYDLRINI,5.944209331530001
DEYEINTTNPVATIQYGSVSTYDLRINI,6.2883673738
DEYEINTTNPVATIQYGSVSTYDQRINR,6.29316836006
DEYEIRTTNPVAMEQYGSWSTNLDRTNC,5.78829377066
DFEAIRTTRPIATEQYGSVSTGLQRGNR,6.53118659419
DFREIRMCNPVVTEYYMSVSRNLQRGNR,6.3825340849700005
DGEEIRATNPIATEQFGSVSTFVQRGNR,5.668574888909999
DGEEIRTCNPFAMDQYGSVSTNPQRGNG,6.53834562681
DGEEIRTCNPFAMDQYYSVSTNPQRGFG,5.925362637069999
DGHYVRTCNTFAMDIYYAVCTLPQFGFG,5.947496796359999
DHEEIRPTNPVALMQCGSVDGNEQRPNV,5.91814372187
DHEEIRTTNPDATEQYGSVWTNDDPGNP,6.25402996616
DHEEIRTTNPDATQIYGSVWHGDDPGNP,6.47681246321
DHEEIRTTNPDATQQYGSVWHGDDPGNP,6.117652935930001
DHEEIRTTNPDAYNMYWSVWTNDDPGNP,5.73377852212
DHEEIRTTNPGATEHYGSVWTNDQRGQR,5.91581320584
DHEEIRTTNPGATQVYWFVWYEDCEFQQ,5.77569373388
DHEEIRTTNPQATQIYGSVWHEDDPGLP,6.38497422243
DHELIRTTNPQATNQYGSVWTNLDRGNR,6.2883673738
DHEQIRTTNPDACQLYWSVWHGDDPGLP,6.2883673738
DIECIRTTNPVATEWYWSVSTNLQRTAR,5.81749767907
DIEIIRTTNPIAAEQYGSVSTNLLRGNR,5.673657529680001
DIENIRTTNPVATEQYGSHSTGLHRGNR,6.32376128033
DIEYIRTTNPQATEFCGSVSTNLQRGNR,5.80110154697
DKEEIRETNPVATEQYGSHSKNLDRVNR,5.9680255298
DLEAIRCTNPGAIQFWWIVWEGECILLP,6.49837607068
DLEAIRCTNPGAIQFYWIVWEGECILLP,5.89604995102
DLEECVTTNPFATEQYGYFFTGLQRGLQ,6.41918319278
DLEEIRTTNPFATAQYGSVETGPYNGLF,6.095722295859999
DLEEIRTTNPFATAQYGSVETGPYNGNF,6.280810022619999
DLEEIRTTNPFATAQYGSVETGPYQGLF,6.23873660607
DLEEIRTTNPFATAQYGSVETGPYQGNF,6.36020011856
DLEEIRTTNPFATEQYGSVETGPYNGNF,5.86525575248
DLEEIRTTNPFATEQYGSVETGPYQGNF,6.19095487214
DLEEIRTTNPFATLQYGSVEHGLIPGNP,5.80354154436
DLEEIRTTNPGATQQYWIVWEGECILLP,6.1379505312500005
DLEEIRTTNPTATAQFGSVETGPYQGLG,6.17606440417
DLEEIRTTNPTATAQYGSVETGPYQGLG,6.28194110464
DLEEIRTTNPTATAQYGSVETGPYQGNG,5.92348713373
DLEEIRTTNPTATEQFGSVETGPYQGLF,6.58525352136
DLEEIRTTNPTATEQYGSVETGPYQGLF,6.33662254241
DLEEIRTTNPTATEQYGSVETGPYQGNF,6.22028913177
DLEEIRTTNPTATEQYGSVETGPYQGNG,6.21657669073
DLEQIRTTNPDAFGQYGCVDPAFQRGTY,5.70340487308
DMEEERTTYWVAAEQYGSVSTNLQRGNR,5.674835720880001
DMEEIMTTNPVATDCFASVSTNLIQGNF,5.75214920693
DMEEIRTSNGFATEQYYSVSPNYFLGNN,5.72416343324
DMEEIVTTNPDATEQYGSVSTVDENGDF,6.53779001694
DMELIMTTNPTASDCFAFLHANYIQGPF,5.79385077667
DMEVIRTSNGFATEQYYIVHPCYFLGNN,5.65589323833
DMILIKQTNPVATMQFKSFSTNVQRGNR,5.8188820905
DMQETRTTNGVCHDVFGWSSSNLQEPNC,6.21307924649
DMYEIRSTNPVFTEQYSSSSTNMQRGNN,5.88515530992
DNEEIRTTNPVAMEQYGSVSTCLGIGNF,6.10988035885
DNEEIWCTNPHDHDCYHFVADNWWCEFA,5.69606289774
DNEHIAPTNPHAYQCWGSNNTWKHDGIP,5.781025770199999
DNEHIATTNPIEFEIGGWVEMPAHPYTA,6.19848187028
DNEHIATTNPIEFEIYGWVEMPAHPYTA,5.9074187651
DNEHIRPTNPHAYQCWGSNNTWKHDGIP,5.98865731825
DNEHIRPTNPVAYQQYGSNNTWKHDGIP,6.132248171880001
DNEHIRTTNPIAFEIYGSVSTPAQPGNR,6.515391243869999
DNEHIRTTNPIATEIYGSVSTPAQPGNR,5.68875809711
DNEHIRTTNPIATEQYGSVSTPAQPGNR,7.354542213109999
DNEHIRTTNPIEFEIYGWVEMPAQPGNA,5.65831698355
DNEHIRTTNPIEFEIYGWVEMPAQPYNA,5.79150457547
DNEHIRTTNPIEFEIYGWVETPAQPGNR,6.25442004188
DNEHIRTTNPIEFEIYGWVSTPAQPGNR,6.005765599119999
DNGEIRTTNPEATIQYGSVPVNLQRGNR,5.65079024691
DNRWILGCNCITHMFWWHWHSCEYYLGW,6.27809903835
DNRWILGTNCITHMFWWHWHSCEYYLGW,6.31698805174
DNRWIRGTNCITHMFWGHWHSCEYYLGW,6.31391806067
DNWEIRTTNPVATEQYVSVFTNLAPGNR,5.723489119119999
DPECIRPTNWFATQCYWFWWEGDWDWEN,5.67281655324
DPECIRTTNPDATQQPWSWEDPDDPEEP,5.710784403440001
DPECIRTTNPDAWAQCGSVDTGDCPGLD,5.95672915397
DPECIRTTNPVATQQYGSWSTNLQPGNP,5.87580915858
DPECIRTTNWFAAQCYGFWHEPDFDEEP,5.67204070217
DPECIRTTNWFATQCYWFWWEGDWDWEN,6.11038260256
DPEEDRTTNPVRTEQYGSVSTGKQRWNR,7.07596437534
DPEEICTTNPVATQQWGSVDTELQRGNR,6.23627886265
DPEEIRPTNPVATEQYGSWSTNLFRGED,5.76285872329
DPEEIRPTNPVATEQYWSVSTPLDRPNR,5.81390441434
DPEEIRTTNPDAFQQYWSWEHPDDPGEP,5.67029656127
DPEEIRTTNPFATECYGSVEHPGDPGEP,6.27684669882
DPEEIRTTNPFATECYGSWHEPDFDGEP,5.935075108
DPEEIRTTNPFATECYGSWWEGDWDGEN,5.93532006853
DPEEIRTTNPFATEQYGSVWEGDWDGEN,5.995776823969999
DPEEIRTTNPFATEQYGSWWEGDWDGEN,6.38522891305
DPEEIRTTNPFATEQYWSWDTGDDPGND,6.03610743956
DPEEIRTTNPFATLCYGSVEHPGDPGEP,5.6566106616
DPEEIRTTNPFATQCYGFWHEPDFDEEP,5.91679304891
DPEEIRTTNPFATQCYGFWWEGDWDGEN,5.84779478241
DPEEIRTTNPFATQCYGSVEHPDDPGEP,6.11053717427
DPEEIRTTNPFATQCYGSVETPDDPGEP,6.03567491219
DPEEIRTTNPFATQCYGSVETPDLPGEP,6.31436258233
DPEEIRTTNPFATQCYGSWEHPDDPGEP,5.78154370057
DPEEIRTTNPFATQCYGSWHEPDFDEEP,5.95500575693
DPEEIRTTNPFATQCYGSWWEGDWDGEN,6.14866126177
DPEEIRTTNPFATQQYGSVETNLLRGNR,5.82947117734
DPEEIRTTNPVATEQYGSWSTGDQRPNP,6.59747142833
DPEEIRTTNWFATQCYWFWWEGDWDWEN,5.73631949555
DPEEIRTTNWGATQCYGFVHDGGCQWEN,5.68017256684
DPEFIWTTTPVAMEQYITVSTTLQWGWR,6.60486366514
DPEIIRATNPVATLQYGSVWHSGDEGIL,5.74488832452
DPEIIRTTNPFAYQCYGSWEHPDDPGEP,6.03049467308
DPEMIRTTNPDATQQYWSWEHPDDPGEP,5.77476932439
DPEMIRTTNPDAWQIYGSVEHGDDPGLP,5.73952429888
DPEQIRTTNPFATQCYGSWEHPDDPGEP,5.78922424154
DPEQIRTTNPVATEQYGFWSHGLQRGNR,5.70340487308
DPESIRTTNPDATEQYGSVSTNDDNGNR,6.02767690843
DPETIRTTNPDAFQQYWSWEHPDDPGEP,6.43861000938
DQEAIRGTNPDATELYISVSSNDQLEVS,5.76073804814
DQEAIRGTNPDATQLYISVESNDQLEVS,6.34083479369
DQEEIRTTNPVATELYISVSTNDQLEVS,5.93238990397
DQNAIGGTNPDATQLYISVESNDELEVS,7.44228005725
DQNAIRGTNPDATQLYISVESNDQLEVS,5.87332987452
DSEEIRTTNPFATLCYGSVSTNDQRGNP,6.5455252133
DSEEIRTTNPMATESYGSVSTCLCRGNR,5.95524107231
DSEGIRHTVPVATMQYNRVPTNLQYINR,6.180268836090001
DSERIRTTNPIATWQYGSVYTGDQRGNR,5.98719783908
DSLEIRTTLFVATCCQFILQTTVLIGAH,6.37749326427
DTECIRTTNPYAGCKWGDWHEGEMEGDA,6.27438314436
DTECIRTTNPYAIECYGSVSTGLQRGNR,5.64922973293
DTECIRTTNPYAMLQWGSWHTGEIEGNP,6.62902267676
DTECIRTTNPYATCQWGDWHEGEMEGDA,7.07058273358
DTECIRTTNPYATCQWGSWHEGEMEGDA,5.7504302079
DTECIRTTNPYATLQWGSVHTGEIEGNP,6.90490992794
DTECIRTTNPYATLQWGSWHTGEIEGNP,6.07466068033
DTECIRTTNPYATLQYGSVHTGEIEGNP,6.40692398415
DTEEIRTTNPHATCQWGSWHDGEMEGDA,6.23442856669
DTEEIRTTNPHATCQYGSWHDGEMEGDA,6.00977568705
DTEEIRTTNPHATCQYGSWHDGEMEGNA,6.2883673738
DTEEIRTTNPHATCQYGSWHEPEMTGDP,6.732368356069999
DTEEIRTTNPHATCQYGSWHEPEMTGNP,6.309513182669999
DTEEIRTTNPVATCQYWSVHTGLQVGNR,7.20841609657
DTEEIRTTNPYAMLQYGSVSTGLQRGNR,7.02852359597
DTEEIRTTNPYATCQYGSWHEGEMEGDA,5.92069040398
DTEEIRTTNPYATCQYGSWHEGEMEGDP,6.2883673738
DTEEIRTTNPYATCQYGSWHEGEMEGNA,5.86690360536
DTEEIRTTNPYATCQYGSWHEGEMEGNP,6.4559939917
DTEEIRTTNPYATLQWGSVSTNLQEGNP,7.45320877257
DTEMIRTTNPVATEQWGSWHTGLQRGNR,5.972513793319999
DTEMIRTTNPVATLQWGSVHTNDQRGNR,5.74110558226
DTEMIRTTNPVAYLQYGSWSTNLIRGNR,7.2465471981
DTEMIRTTNPYAMMQWGSWHTPDIPGNP,5.97617081693
DTEMIRTTNPYAMMQWGSWHTPDIPGTP,6.24023085275
DTEMIRTTNPYATCQWGDWHEGEMEGDP,5.69589728558
DTEMIRTTNPYATCQWGSWHEGEMEGDP,5.677869780969999
DTEMIRTTNPYATCQYGSWHEGEMEGDP,6.067411899830001
DTEMIRTTNPYATLQWGSVHTGDIEGNP,5.8854395568
DTEMIRTTNPYATLQWGSVHTPDIPGNP,5.67065629074
DTEMIRTTNPYATMQYGSVHTPDIPGNP,6.02165730982
DTEQIRTTNPVATETYGSVQGNLQGGNP,5.69579168897
DTETIRTTNPVATEQYGSWSTNLERENR,5.87919688155
DTEVIRTYNPDKEQREWEWEDPDEWEEM,6.10988035885
DTIEIRTTNPVATEQYWSNSYNLQRINR,5.66748529882
DVEEIRTTNPVATEFYGLVSTDEQQGNV,6.51898030194
DVEEIRTTNPVATEQYFSESTGLQRANR,6.07950670981
DVEFIRTTNPVACEMYISVSTNLQRVYR,6.028697202
DVFVINTTIPVLTEQYQSVYTHPQFFQF,6.23065187594
DVFVINTTIYGLTLQYQSAYTHPDFFQF,5.79455276114
DVFVINTTIYGLWLIYQSAYTHPDFFQF,6.567840890339999
DVFVINTTIYGLWLQYQSAYTHPDFFQF,6.3799952657
DVNEIRTTNPEATEFYGLVSTDEQQGNV,5.71634392879
DVNEIRTTNPVATEFYGLVSTDEQQGNV,6.62811674577
DVNEIVCTNPEATEFYGLVSEDEQQGLV,5.82893575516
DWVWIRTTNPVATEMVGSGSTWLQRGCR,6.26683421225
DWVWIRTTNPVATEMVGSGSTWLYRGCR,6.32093523626
EEDEISGTNPVACENYGICTDLIQHEEH,6.09180724585
EEDEISGTNPVACENYGICTDNIQHEEH,5.758011203730001
EEDEISGTNPVACENYGIVTDNIQHEEH,5.70340487308
EEDEISGTNPVACENYGIVTDNIQHEER,6.674258527419999
EEDEISGTNPVATENYGIVTDNIQHEER,6.13780769722
EEEEISGTNPVATENYGIVTDNIQHEER,6.07466068033
EEEETRTTNPVAVEMYGSVSTELQRGQR,6.99348410193
EEERIRTTNPVAFEQYGSRSLMLQRGNR,6.5615522086
EELEIRTTNLVATEQYGSVNLNLSRGNR,6.49516294008
EENEIRTVNPCCTEGYGDASEEECHEDS,7.19644488436
EENEIRTVNPCCVEGYGDAGEEECHEDS,6.025499308360001
EETEIRTTNNVATEQYGSLSTNLQTGSR,5.65277880001
FEEEIRPTNPVASEQYGGVGTNLQQGPD,5.7132213835
FEEEIRPTNPVSSEQYGGVGNNLQQGPD,6.15674384164
FEEEIRPTNPVSSEQYGGVGTNLQQGPD,6.05658390195
FEEEIRTTNCHATECYGDVSTCIQSEKN,6.42329695389
FEEEIRTTNCHATEQYGDVSTCIQSEKN,6.5272479179200005
FEEEIRTTNCHATEQYGDVSTCIQSGKN,5.77637274507
FEEEIRTTNCHATEQYGDVSTCLQSGKR,5.92099630815
FEEEIRTTNPVSSEQYGGVGNNLQQGPD,5.77523761784
FEEGIRTTNVVATSQAGSVRVMLQRGNS,6.309125933969999
FEEGIRTTNVVATSQYGSVRVMLQRGNR,7.041990311919999
FEGEIRMVNCIGSEQYGNASSNLQDLAD,5.68942064364
FEGEIRTVNCIGSEQYGNASSNLQDLAD,6.0416456231
FEGEIRTVNCIGSEQYGNVSSNLQDLAD,6.03567491219
FEGEIRTVNCIGSEQYGNVSSNLQRLND,6.4663656757800005
FEHELCAVNPVCTEPWGCCAELVQGGTT,6.4045603913
FEHELCAVNPVCTEPWGCVAELVQGGNT,6.64635513206
FEHELCAVNPVCTEPWGCVAELVQGGTT,7.02317270546
FEHELCAVNPVCTEPWGCVSELVQGGNT,5.95985913049
FELEIRTTGCHATECYGDVSTCIDSEKN,6.09335139139
FELEISQTGCHATECYGDCSTCIDSEKN,5.80340066305
FEMEIRTTHPVATEQYGSLSTYLQRGNR,6.83698802746
FESELKAVNPVASEQYGSVSNQVQRGTR,5.65693044328
FGGEIRMTNCIGSVQYGNAMSNLQRLAD,5.72940008161
FGGEIRMVNCIGSVQYGNAMSFLQDLAD,6.369403945889999
FGHYVACCNTFCMDICYAACALPEFDFG,6.14397746446
FGHYVRCCNTFCMDICYAACALPEFDFG,6.81476598203
FGHYVRCCNTFCMDIYYAACALPEFDFG,6.94139414947
FGHYVRTCNTFAMDIYYAVCALPEFDFG,6.25700320289
FTESIRTTNMVATEQYGSVSTNLIKGNR,6.78547600602
GDCEITTTNPIATEQWGSVSTNLQRGNR,7.32520414198
GDEEIHMCNVCATWFYGVVASNLENLLR,5.94139414947
GDEEIHMCNVCATWFYGVVSSNLQNLLR,6.70852609541
GDEEIHTCNVCATEFYGSVSSNLQRGLR,6.83003831161
GDEEIHTCNVCATEFYGSVSSNLQRGNR,5.68294077052
GDEEIHTCNVCATEFYGVVSSNLQRGLR,5.82539539746
GDEEIRCTNPVATEMYGFAGSNLMRLTQ,6.3607343511300005
GDEEVACTNPVASEQYGSVAMNLQRGNQ,6.13621707408
GDEEVACTNPVASEQYGSVAMNLQRLNQ,6.86572637556
GDFEVSPTNPQDTEQYGFFMEFEYPLQN,5.66109406822
GDMEVACTNPVASEQFGSAAMNLQRLNQ,5.93213882129
GDMEVACTNPVASEQFGSVAMNLQRLNQ,6.14980654327
GDMEVACTNPVASEQYGSVAMNLQRLNQ,6.4482638694
GDSEIHMCNPCAYWFYGVVASNFERLLE,6.36478048932
GDSEIHMCNVCATWFYGVVASNFENLLR,7.4228348059
GDSEIHMCNVCATWFYGVVASNLENLLR,6.534067168630001
GDSEIHMCNVCAYWFYGVVASNFENLLE,6.068689337159999
GDSEIHTTNPCAYEFYGVVASNFERLLE,6.72255597342
GDSEIHTTNPCAYEFYGVVASNFERLLR,7.11221041865
GDSEIHTTNPCAYWFYGVVASNFERLLE,6.17634075607
GDSEIRTTNPCAYEFYGVVASNFERLLR,6.83268789002
GECELRGTNPIACEQWGLASSADFLMLM,6.42686187074
GECELRTTNPIACEQWGLASSADFLMLM,6.54083545904
GECELWGTNPIACEQWGLASSADFLMLM,6.14278433273
GEEEICSVNPFACEWWGICPNEQQYGLL,6.0219343915
GEEEIRQTNPVCTECYGLTSMTLQRGNR,6.4156025621
GEEEIRSTNPVATYQFGSIATNLQRGNR,5.96056271258
GEEEIRSTNPVSSEQYGSVGMNLQRGNR,6.451866106080001
GEEEIRTTNPVATEQMGWVATDDDPPNI,6.61471128208
GEEEIRTTNPVATEQMGWVATDDQPGNR,5.98093884861
GEEEIRTVNPVASEHYGSVGMNLQRGNR,5.69655120204
GEEEIRTVNPVATEMYGSMSTDLQFGNV,6.31479265986
GEEELRATNPVATRQYGSVSTALQRGIR,6.5137685450100005
GEEELRGVNPVASENYGSVSTNLQRGTQ,5.853887930290001
GEEELRTTNPIACEQWGLASSADFLMLM,5.75176789464
GEEELVCVNPVCTELYGDAAENLQRGNR,6.45526468254
GEEEVSTTNPQDTEQYGFFMEFEYPGQN,6.67618340434
GEEVLHVTNPFIHFPYGSRGFPFGIGTW,5.83141225624
GEFEIGGTNPVCTEHYGLMSDTIQHGMA,5.98189185649
GEFEIGGTNPVCTEHYGLMSDTLQHGMA,5.91084695295
GEFEIGGTNPVCTEHYGLMSDTLQRGMA,5.97575829422
GEFEVGGVNPVCTEHYGLMADTIQHGMA,5.79353041903
GEGEITTVNPVATEMYGSVATNLQRGNR,7.04854035913
GEHEIRPTNPVATEQYGVIGTDIQEPLW,5.75677822395
GEHEIRPTNPVGTEQYGVIGGDIQEPLW,6.02095452745
GEHEIRTTNPVATEQYGVIGTDLQEGNW,7.24189298907
GEHEIRTTNPVATEQYGVIGTDLQEPLW,6.38005610349
GEHEIRTTNPVATEQYGVIGTDLQEPNW,6.80822769803
GEHETLPTNSMGTGFYGVIGGDITEPLW,5.9125004718
GEHGTLPTNSMGTGFYGVIGGDITEPLW,6.73231756499
GEHGTLPTTSMGLGQQGVIGGDITEPLW,5.99083723217
GEIEIVATNPCSSECWGWTGNLLQHGGT,5.70770501051
GEIEIVATNPCSTECWGWTGNLLQHGGT,5.64286333114
GEIEIVATNPCSTECYGWTGNLLQHGGT,5.96018028844
GEIEIVATNPVSTECYGWVGNLLQHGGT,5.96232317044
GEIEIVATNPVSTEQYGWVGNLLQHGGT,5.96408577914
GEIEIVATNPVSTEQYGWVSTLLQHGGT,5.77723328494
GEIEVVGVNPTSSEVYGCCSDIVQHLVM,5.81032007699
GELELRTVNPTCWEQYGDVAEEPMFYLR,6.24605656894
GELELVCVNPTCTELWGDAAEELMFGLR,5.66082508434
GELELVCVNPTCTELWGDAAEELMFYLR,5.992030992809999
GELELVCVNPTCTELWGDAAENLQFGNR,5.86351301616
GELELVCVNPTCTELWGDAAENLQRGNR,5.7861627584
GELELVCVNPVCTELWGDAAENLQRGNR,5.72612494958
GENEIRTVNPVATEQYGSMATNLQWGNR,6.11545851392
GENEISAVNPVASEIYGWVSDNLDEGEA,6.206071554
GENEISAVNPVASEQYGWVSDNLDEGEA,6.17152409715
GENEISAVNPVATEQYGWVSDNLDEGEA,6.15172542599
GENEISAVNPVATEQYGWVSDNLQEGEA,6.288533714190001
GESEIRTTNPICTEQYGSVSTELERGNR,6.64015331685
GEVEICCTNPCATEVYGDVATDPNPGTY,7.33546562099
GEVEICTTNPCASEVYGSVSANLQPGTY,6.11984509006
GEVEICTTNPCASEVYGSVSANLQRGTY,6.41944462839
GEVEICTTNPVASEVYGSVSANLQRGTY,6.909855750549999
GEVEIRQTNPVCTECWGLTSMTLQRGMR,6.57757790171
GEVEIRQTNPVCTECYGLTSMTLQRGNR,5.792435198680001
GEVEIRQVNPVATEQYGLVATNLQRGMR,5.71105844562
GEVEIRQVNPVCTECYGLVAMTLQRGMR,6.0513281765
GEVEIYSTNPVATEHYGSVSTNLQRGTR,6.033946098269999
GEVELRQTNPVCTECWGLTSMTLQRGMR,5.9653256586
GEVELRQVNPVCTECYGLVAMTLQRGMR,6.01677095446
GEVEVCCTNCCASEVWGDVAADPNPGTY,5.76301436222
GEVEVCCTNPCASEVYGDVATDPNPGTY,5.77441618634
GEVEVCCTNPCATEVYGDVATDPNPGTY,6.00825945461
GPVEICTTNCCASEVYGSVAANPQPGTY,6.15185505245
GPVEICTTNPCASEVYGSVAANLQPGTY,5.68875809711
GPVEVCCTNCCASEVWGDVAADPNPGTY,6.961072769159999
GPVEVCTTNCCASEVWGSVAADPQPGTY,5.75735801209
GVEVLHVTMPFIHFPYGSRGFPFGILTW,6.01534887939
GVEVLHVTMTFIHFPFGGRGFPFGILTW,5.76328976453
GVEVLHVVMTFIHFPFWGRGFPFGILTW,5.98719783908
HDAETACVNPIACELFGTVSMDLQVPTF,6.04012996989
HDAETACVNPIACQLFGTMSMDLQVPTF,6.2395033712300005
HDEEIRCVNCDASEQYGVVATCPIRPGS,6.55387828071
HDEEIRGTNPIAFEAGYHVSCTPQGLNH,6.81032007699
HDEEIRGTNPIATEAGYHVSCTPQGGNH,5.94782360074
HDEEIRGTNPIATEAGYHVSCTPQGLNH,6.17162241022
HDEEIRTTNPIATEAGYHVSCTPQGGNH,6.19955810684
HDTEICTVNPIATEQYGTTGEEDETEMI,5.7618215593
HDTEICTVNPIATEQYGTTGTEDETEMI,5.81032007699
HDTEIRTVNPIATEQYGTTGEELETEMI,6.651174914309999
HDTEIRTVNPIATEQYGTTGTELETEMI,5.723489119119999
HDTEIRTVNPVATEQYGTTGTEDETEMI,6.4563120111100005
HEDEIYQTNPVSTEIYGLTGTTCQKEEM,5.73676347002
HEEEAETTNPVATRGYGSYPTYLQRGGM,5.65277880001
HEEEVRTTNPIASENYGAVGNGDQGGMF,6.39632990629
HEEEVRTVNPISSENYGAVGNGDQGGMF,6.17856336479
HEENIRTTNPVLTEQQGSVWTNLCGGNM,5.83956489677
HEHEIRTTNPVADEQYGPVSTNCQRGKR,6.06892223651
HEHEIVSTNPVASEVYGGVCIELNVGPS,6.4059795856
HEHEIVSTNPVASEVYGGVCTELNVGPS,6.13180075521
HEHEIVSTNPVASEVYGGVCTELQVGNS,6.01722032218
HEHEIVSTNPVASEVYGGVSTELQVGNS,5.71690913743
HEHEIVSTNPVASEVYGSVSTELQVGNS,6.88799578461
HEHEIVTTNPVATEQYGYCSTLLQRGNR,6.39181872241
HELEIACTNPVATECYGDASEEIQTGMM,6.146565973269999
HELEIACTNPVATECYGDASTEIQTGMM,6.33124874486
HELEIACTNPVATSCYGDASEEIQTGMM,5.82867911636
HELEIATTNPVATECYGDASTEIQTGMM,6.92309814481
HELELACVNPVATSCYGDAAEEIQTGMM,5.79102873839
HELELWGTNPVATEGYGTAAETLQRAQR,6.3499370008
HELELWGVNPCSTEGYGTAAETIQHAQR,5.75792887927
HELELWTTNPVATEGYGSAAENLQRANR,6.1364762951900005
HELELWTTNPVATEGYGSASENLQRANR,6.37409724783
HELELWTTNPVATEGYGTAAENLQRANR,6.48196253083
HELELWTTNPVATEGYGTAAETLQRAQR,5.76779546035
HESEIRSVNPTATEQYGSVSNNLQRGNR,6.00120469707
HESEVEQTNPTACECYGVCSENLQHGQR,6.0892960267
HESEVEQTNPTSCECYGVCSELLQHGQT,5.74377922098
HESEVRQTNPTACECYGVCSENLQHGQR,5.92306750166
HETEICSTNPVATEVYGNTAMLLQQGQI,5.880923735930001
HETEICSVNPVATEVYGNTAMLLQQGQI,6.62029474744
HETEICSVNPVSSEVYGNTAMLLQQGQI,5.85868309856
HETEIRTVNPVATEQYGTTGTEDETENI,7.39236509433
HEYEINTTNPVATIQYGSCSTYDLRINI,6.3697474856100005
HIDNCCAFCFILVASQLTWWMCICGMEM,6.167770084719999
HIDNCCAFNFILVASQLTWWMCICGMEM,6.25202552674
HIDNCCATNFILVASQLTWWMCICGMEM,6.62737595241
HIDNCCATNPILVASQLTWWMCICGMEM,6.140536143209999
HIDNCRATNPILVASQLTVWMCICGMEM,6.66276288858
HIDNCRATNPILVASQLTWWMCICGMEM,6.15712284052
HIDNIRATNPILVASQLTVWMCICGGEM,5.86690360536
HIDNIRATNPILVASQLTVWMCICGMEM,6.80483662288
HIDNIRTTNPILVASQLSVWMCICGGEM,5.989522892019999
IEDTCSTTFFPMCIWIQSGVGLYCDSDP,6.735466082309999
IEEETRTTNPVATAQYGHVSHNLQPGNR,5.72849585404
IEEQIRTTNPFGTEQYGSVKTNYQRGNR,6.1803701215
IEYEIRTWNPVATEQVGSVQTNLQRGNR,6.55656348475
INDTCSATFFPMCIWIQVGVGLYCDSDP,6.32245626438
INDTCSTTFFPMCIWIQVGVGLYCDSDP,6.61522906169
IWVWIRTTNPVATEMVGSGSTWLYRGCR,6.1856292682100005
KDEEIRSVNPVATEQYGVVSTDLQRGNR,5.78377828954
KDEEVRCTNPCATELYGSTFMNWCNGND,5.97732759505
KDEQIRTTNPVATEESGSQSTNLQTGVR,6.19473230169
KECEILTTNPVATEQYGEVSCMCQLGKN,5.9300189995
KECEILTTNPVATEQYGEVSCMCQLTKN,5.72526430704
KECEIRTTNPVATEQYGEVSTMCQLGKN,6.160900434469999
KECELLCTNPASDELWQECGCMCMLTKN,5.85668024414
KECELLTTNPASDELYQECGCMCMLTKN,5.92579729441
KECELLTTNPVATEQYGEVSCMCQLTKN,6.11517465852
KEEEIATTNPVATECYGDASEEEQHEEM,6.94699151668
KEEEIATTNPVATEQYGDASEEEQHEEM,5.922867963380001
KEEEIATTNPVATEQYGDASEELQHEEM,5.8967682458
KEEEIRCTNPVSTEQYGVVSNNLCTGNQ,5.96056271258
KEEEIRTFNPVAMEQYGSVSTGLEEGNM,5.752048286580001
KEEEIRTTNPDATQQYGDVFEPECNEEN,5.99418426939
KEEEIRTTNPVAVEQYGWMSTELQGGDL,5.68390869745
KEEYIDTTGPSAMCCYGFCNEDDDTEEM,5.68294077052
KEEYIRTTGPSATCCYGFVSEDDDTEEM,5.6664106656
KEEYIRTTNPSATCCYGFVSEDDDTEEM,5.67935939911
KENEIAAVNPVATECYGSMSTELQRGNY,6.01091390805
KENEIRTVNPVATEEYGDMAELVQNEEL,6.14735506427
KENEIRTVNPVATEQYGDMAELVQNEEL,7.26645259737
KEVAIRTTNPVANEQYQSLSTDLDRTNR,6.32209823111
KEVAIRTTNPVATEQYQSLSTDLQRGNR,6.21797804591
KEVAIRTTNPVATEQYQSLSTDLQRTNR,6.27959716417
KEVEIASTNPCGTETYGIIPMEEEHFLG,6.25402996616
KEVEIASTNPVGTETYGIIPMEEEHFLG,6.13572036379
KEVEQYCTNPTVVYIFQVANEISCGEGM,6.006415754619999
KMILIKQTNPVATMMFKGFNTNVQYGTR,5.95381167058
KPEMIRTRNFDCFASCFDWFEDDCHFLC,5.87612168432
KPESIDTTNPDAVQCYGDVFEPECNEEN,6.95202883599
KPVAIICTNPTCNMCFQELDNDVDNTTR,5.78671244877
KPVAIICTNPVANEQYQSLDTDVDNTNR,5.68802964719
KPVAIRTTNPVANEQYQSLSTDLDRTNR,6.02694401787
KPVEIRTTNPVATELYGSVATNLERGNR,6.11386964257
KTNEIRPFNGNAMESYGSVSYGDEEGNM,6.7336987953900005
KTNVIRPFNGNAMQSCGCWFYGDEEHDM,5.97160098403
LEEEIRTTNVVMSEQYGSVATNLQRGQR,6.0721867814
LETEIRTTNTVATEAYGSVSTWTQRGNR,7.33638888866
MDEEIETTNPVATEQYGSVCDCLHYGIT,6.21508493991
MDFEIEAVNPVAGWLFGGGCDCCHYGIT,5.807741532890001
MDFEIEAVNPVGGWLFQGGCDCCHYEIT,6.084495040429999
MDFEIETTNPVATELYGSVCDCLHYGIT,5.863061539069999
MDFEIETTNPVATEQYGSVCDCLHYGIT,6.10796146855
MDFEIETVNPVATELYGSVCDCLHYGIT,6.879278567509999
MDLEIRAVNCVCSEGWGIADMAGEVLDL,6.188831700250001
MDLEIRAVNPVCSEGWGIADMAGEVLDL,6.59906821326
MDLEVRAVNCVCSEGWGIADMAGEVLDL,7.39939868619
MDTEIRTTNPVATEQMGSVSTNLAFGNR,6.52283262744
MEEDICGTNPVATEQYPSVSTNLQAGNR,5.758687308580001
MEEEIASTNPVATEMYGSASEDLQYGDD,6.90916661987
MEEEIATCNPVATEMYGSMSDNLERGNK,5.88070940489
MEEEIATTNPVATEQYGDASEELQHEEM,6.93093630682
MEEEIRATNPVATEGYGIADTAGEVLDL,6.63781653145
MEEEIRTTNPVATEQFGIVSENLDFFMS,7.221253177939999
MEEEIRTTNPVATEQFGIVSETLDFFMS,6.40995915435
MEFDICGTNKVATSQYPSVSTNLQAGNR,5.75248081395
MEFEIAACNPVATEMYGTMSDAEEIGTK,6.24272470824
MEFEIAACNPVGHEMFGTMSDAEEIETK,5.90195055246
MEFEIATCNPVATEMYGSMSDNLERGNK,6.33143609569
MEFEIATCNPVATEMYGTMSDAEEIGTK,6.71634392879
MEFEIATCNPVATEMYGTMSDNEEIGTK,5.690580832719999
MEFEIATCNPVATEMYGTMSDNLERGNK,5.766598699569999
MEGEIACTNPEATENYGQVDMGWYWGND,6.5086145233
MEGEIACTNPEATEQYGQVDMGWYWGND,5.957506154140001
MEGEIACTNPESTENYGQVDMGWYWGED,5.71634392879
MEGEIRCTNPEATEQYGQVDTGWYWGND,6.17252988792
MEGEIRCTNPEATEQYGQVSTNLYWGND,7.33832519614
MEIEIYSTNPVSTENYGSCSCLLQHGNR,5.707226584030001
MELEIRAVNPVCSEGWGIADMAGEVLDL,6.48180842144
MELEIRAVNPVCTEGWGIADMAGEVLDL,5.96056271258
MELEIRAVNPVCTEGWGIADTAGEVLDL,5.992911490269999
MENEIAQVNPVATENYGQASTPQELGND,5.6469876851
MENEIAQVNPVATENYGQASTPQELGTD,7.01599510339
MENEIATTNPVATEQYGDASEEEQHEEM,6.66166536472
MENEIATVNPVATEVFGIASETPDFFMS,5.8466785773
MENEIATVNPVATEVFGIVSETPDFFMS,6.12206268804
MENEIRTTNPVATEQFGIVSETLDFFMS,6.44935925047
MENEIRTTNPVATEVFGIVSETLDFFMS,7.10988035885
MENEIRTTNPVATEVFGIVSETPDFFMS,7.369403945889999
MEQEIASTNPVATEMYGAASEDLEYGDD,7.01599510339
MEQEIASTNPVATEMYGSASEDLEYGDD,7.03657772513
MEQEIASTNPVATEMYGSASEDLQYGDD,6.541712723459999
MEVEISSTNPEATEQYGAVAECGIQGEF,6.14634836893
MEVEISSTNPEATEQYGAVAECGIQGNF,5.97078474919
MEVEISSTNPEATEQYGAVSECGIQGNF,6.35156120029
MEVEISSTNPEATEQYGAVSENGIQGNF,6.048479814189999
MHFEIAACNPVGHEMFGTMSDAEEIETK,6.32187663599
MHFEIAACNPVGTEMFGTMSDAEEIETK,6.7802074851
MRDDIRTHNPVATEQYGSVSTNLFRGNR,6.74631346455
NDEEIGQTNPAATEIYGSTSENLQRGNM,5.78586703327
NDEEVRATNPVATEIYGVVSTNLQRLNR,7.2827776921
NDEEVRAVNPVATEIYGVVSTNLQRLNR,7.23353150772
NDGELECTNPCASESWGTVAMNLQRGMM,5.758418975080001
NDIEIGQTNPAATEIYGTTGENVQHQGM,5.92135138938
NDIEIGQTNPAATEIYGTTSENVQHQGM,6.34555720394
NDIEIGQTNPASTEIYGTTGENVQHQGM,5.87461857049
NDMEIRTTNPVATENFGSNSVNLQRGNE,6.0607268745
NDMEIRTTNPVATENYGSNSVNLQRGNE,5.981506727
NDQEITTTNPVATEMYGSTSTNLQRGNR,5.74187902089
NDSEVRAVNPVATEIYGVVSTNLQRLNR,6.08273027564
NEDEIATVNPVSSETYGIVGTNLQRLTR,6.4663656757800005
NEEEIRTTNPTATFFYGSVSSDLQRPLR,6.42937146829
NEEEIRTTNPVATEVYGCADMDWQQGNS,6.4380034527
NEEEIRTTNPVATEVYGSADMDWQQGNS,7.1184423723600005
NEEEIRTTNPVATEVYGSADTDWQQGNS,7.21179284869
NEEEIRTTNPVATEVYGVVDMNWQRGNG,6.89263043048
NEEEIRTTNPVATQQYGSWSHGGQRGNR,6.075822738419999
NEEEIRTTNPVWTEQMISVSTALQNYNR,5.80241487891
NEEEISCVNPCSTEQYGSVSDEDQRGNT,5.93921781018
NEEEISCVNPCSTETYGSADDEDQRGNT,6.45813086765
NEEEISCVNPCSTETYGSVDDEDQRGNT,5.766598699569999
NEEEISCVNPCSTETYGSVSDEDQRGNT,6.96643927891
NEEELRAVNPVASEQYGGVGMNLQRGNQ,6.039801923120001
NEEELRAVNPVASEQYGGVSMNLQRGNQ,5.71976831929
NEEELRAVNPVASEVYGGVGMNLQRGNQ,5.64286333114
NEEEVRSTNPTATFFWGSTASDWQRPLR,5.79334699839
NEEEVRSTNPTATFFWGSVASDWQRPLR,6.071648160880001
NEEEVRTTNPTATFFYGSVASDWQRPLR,6.98485732386
NEEEVRTTNPVCTEIYGSVSMNLERGNR,6.243090743430001
NEELIRTTNPVATCQYGSVSTCKQRGNN,6.94631961829
NEENIRMVNPVATEQYGSWSTNLQPGNR,7.01677095446
NEGEICGTNPVATEWYGDASTLWQRGNS,5.966439278909999
NEGEICGTNPVSTEWYGDASELWQHGNS,6.02736827755
NEGEICGTNPVSTEWYGDASTLWQHGNS,6.05613449424
NEGEICGTNSVSTEWYGDASELWQHGNS,5.76704736853
NEGEICGVNSVSTEWYGDASELWQHFQS,5.79607112126
NEGEICTTNPVATEWYGDASTLLQRGNS,6.113877192019999
NEGEICTTNPVATEWYGDASTLWQRGNS,7.46713286274
NEGELECTNPCASESWGTVAMNLQRGMM,6.06312138964
NEHEIRTTNPVCTEQYGAVSEDDCHGNS,7.277718431429999
NEHEIRTTNPVCTEQYGSVSEDDCHGNS,6.7798179886
NEHEIRTTNPVGTEQYGSVDSNDQHGNS,7.381476778190001
NEHEISTTNPVGTEQYGSVDSEDCHGNS,6.52586668753
NEHEISTTNPVGTEQYGSVDSNDCHGNS,7.09122090362
NEHETRTTNPVCHEQYGAVSEDDCHGNS,5.99618662231
NEHETRTTNPVCTEQYGSVSTDLCHGNR,6.188831700250001
NEIEIVCTNPCSTEMYGNCGMLVQHLPT,6.40384459122
NEIEIVTTNPCSTEMYGNCGMLVQRLNT,6.56590134933
NEIEIVTTNPVATEMYGNCSTLVQRGNR,6.7514263879400005
NELEISTVNPTATEVCGSIADEDYGEAN,5.646573650480001
NENEIVSTNPCATEIYGDAPEGGLPPTD,6.60386919953
NENEIVSTNPCATEIYGDAPTGLLPPTD,6.473285089719999
NESVIRTTNPVWTEQMISVSTALQNYNR,6.42983979975
NEVEITCTNPCCTEVYGAVDDAEEVGNT,6.39904940764
NEVEITCTNPVCTEVYGAADMEWCTGNG,5.86457912018
NLNCCVGTNCFATEQYGYFFTGLCVGLQ,5.85868309856
NLNCCVGVNCFATEQYGYFFTGLCVLLQ,5.89408843469
NLNCCVGVNCFCSECYGYFFTGLCVLLQ,5.887995784609999
NLNCCVGVNCFCSEQYGYFFTGLCVLLQ,6.43861000938
NLNCCVGVNCFCTEQYGYFFTGLCVLLQ,5.93357464501
NPEEIRPTNPGAIQLYWFVWYEECAFQQ,6.1026750565
NPEEIRPTNPGATQLYWFVWYEECAFQQ,5.75206067902
NPEEIRTTNPVATEICGSVDTNLQRGNG,5.86351301616
NTEQIRTTNPEATSTELSWQGAYVGDFP,5.722263900330001
PAECIRPTNPFAYAQYWVWDHGDDPGLD,5.69867472117
PAEEIRTTNPVAYEQYWSVSTNLDPGNR,6.56080047764
PEEEIRTTNPFAYENYGSVETNLDRGNR,6.472624666250001
PEESIRATNPTATHFYGSVSTNLDRGNR,6.71607870311
PEESIRATNPTATHFYQSKFVNLDDPNH,6.13572036379
PEESIRATNPTATHFYQSVSTNLDRGNH,5.70340487308
PNRWILGCNCITHMFWWHWHSCEYYLGW,6.041990311919999
PQEQIRCTNPVATEQYGSVSHHELQGNT,5.86068954676
PQEQIRTTNPVATEQYGSVSTHELQGNT,6.025893129119999
PSWRTRQTNYICCWVYTHCYHGDYWPDS,6.69717291937
QDQEIACVNPVSTEIYGEASEVLQHGML,5.873958362890001
QDQEIATVNPVATEIYGSVSEVLQHGMR,7.02309449577
QDQEIATVNPVSTEIYGEASEVLQHGML,6.01367005044
QDQEIATVNPVSTEIYGSVSEVLQHGMR,6.486685660159999
QEAEIAQTNPVATEMYGSASDVLQRGNR,6.64328388064
QEAEIAQTNPVATEMYGWASDVLQRGNR,6.75394226587
QEAEIAQTNPVATEQYGWASDVLQRGGR,7.0536721169700005
QEAEIAQTNPVSTEQYGWASDVLQRGGR,6.61398487564
QEAEIRTVNPVATMIYGSVGTNLQRGNR,5.94143504357
QECECVCTNFCATYHYGFVDEVDYGFGN,6.45356439355
QECECVCTNFCCVYHCGFADEVDYGFGN,7.26468697224
QECECVTTNPCATYHYGFVSEVDYGGGN,5.90342948139
QECECVTTNPVATYHYGFVSEVDYGGGN,5.82204936958
QECEIRTTNPVATYHYGFVSEVDYGGNN,5.69535070667
QECEIRTTNPVATYHYGFVSEVLYGGNN,6.00296515494
QECEIRTTNPVATYQYGFVSEVLYGGNN,5.857317556530001
QECEIVTTNPVATYHYGFVSEVDYGGGN,6.0936744672100005
QECEIVTTNPVATYHYGFVSEVDYGGNN,7.3793536063
QEDEIAQTNPVATEGYGEAPEVCQHEEK,6.48311704007
QEDEIAQTNPVSTEGYGEAPEVCQHEEK,5.88217036201
QEDEIATTNPCCTEVYGCADDEDCTGNC,5.88887072542
QEDEIATTNPCCTEVYGCADDEDQTGNC,6.710068603359999
QEDEICQTNPEATETYGDVSVNPQTGNE,6.08840160941
QEDEIVQTNPVATEGYGEAPEVCQHEEK,5.88849875299
QEDEIVQTNPVATEQYGEAPEVCQHEEK,6.0539277166800005
QEEEIAATNPVATETGGVVSTALQQETY,6.57857517936
QEEEIAATNPVSTETGGVVSNALQQETY,5.83914291216
QEEEIAATNPVSTETGGVVSTALQQETY,5.96886601631
QEEEIAQTNCEASEQYGVVGTDWLPGMD,5.74439328453
QEEEIAQTNCEATEQYGVVGTNWLPGMD,6.61616247572
QEEEIAQTNCVATEQYGVVGTNWLPGMD,6.31856562985
QEEEIAQTNCVATEQYGVVSTNWLPGMD,6.720501609419999
QEEEIAQTNPVATEQYGEAPEVCQHEEK,6.84925573954
QEEEIAQTNPVSTEVYGEASEVLQRGGR,6.24949448215
QEEEIAQVNPVATEIYGEAGEVIQHGNR,5.66332089902
QEEEICQTNPEATETYGDVSVNPQTGNE,6.28398893329
QEEEICTTNPCCTEGYGDASTALQDGNR,6.96401661664
QEEEICTTNPCCTEGYGDASTAWQDGNR,6.67252277721
QEEEICTTNPCCTEQYGDASTALQDGNR,7.18433030801
QEEEICTTNPEATETYGDVSVNPQTGNE,6.9497167217
QEEEICTTNPESTEQYGCVSVALQLGPH,5.85675564998
QEEEICTVNPCCTEGYGDASTAWQDGNR,7.334437022499999
QEEEINQTNPVATEQYGGASEVLQHGGR,5.75998840144
QEEEIRTTNPDATQQYGSVETDDELENS,6.472624666250001
QEEEIRTTNPEATQQYGDVSTEDFDEES,5.8621026191
QEEEIRTTNPEATQQYGDVSTEDFDGES,6.9396214732
QEEEIRTTNPEATQQYGDVSTEDQDGES,5.81320082058
QEEEIRTTNPEATQQYGDVSTEDQDGNS,6.1236797023000005
QEEEIRTTNPEATQQYWDVDTEDFDEES,6.51075979514
QEEEIRTTNPEATQQYWDVSTEDFDEES,6.06781629929
QEEEIVQTNPVATEQYGEAPEVCQHEEK,6.095722295859999
QEEEIVQTNPVSTECFGVAITSGCCPEI,5.64286333114
QEEEIVQTNPVSTECFGVVITSGCCPEI,6.1924429538000005
QEEEIVTTNPVATECYGDVSEDLQHEEN,6.04758577481
QEEEIVTTNPVSTECFGVVITSGCCPEI,6.54294020088
QEEEIVTTNPVSTECFGVVSTSGCCPEI,7.35718940654
QEEEVRATNPCASEQFGCTSANLEIGNR,6.71490051192
QEEEVRATNPCATEQFGCTSANLEIGNR,5.86278749689
QEEEVRAVNPCASEQFGCTSANLEIGNP,5.83667140394
QEEEVRAVNPCASEQFGCTSANLEIGNR,6.25862003041
QEEIIRCCNPTMTEMYGTMDEVEQQGPE,6.4780112128
QEFEINATNPVCCEMYGDAPDFIQHMNV,6.02786920367
QEFEINATNPVCCEMYGDAPDFIQHMPV,5.88966350836
QEFEINATNPVCTEMYGDAPDFIQHMNV,5.89722814222
QEGEIAPVNPCSSEHWGIAACLVQSGTT,6.27372059783
QEGEIAPVNPCSSEHYGIVACLVQSGTT,5.83189715553
QEGEICTVNPCCTEGYGDAGTAWQDGNR,6.02079380835
QEGEICTVNPCCTEGYGDASTAWQDGNR,7.1202049810600005
QEGEIVATNPACTEVFGDVSTNIYHGPF,6.1683675976900005
QEGEVAAVNPCASEQFGCTSANWEIGNP,6.1937029318
QEGEVAAVNPCASEQFGCTSANWERGNR,5.74774441209
QEGEVCAVNPCCTEGYGDAGTAWQDGNR,6.54311516845
QEHEISQTNPVATELYGWTSTNDQNGEG,6.88748036286
QEHEISQTNPVSTELYGWTSTNDQNGEG,5.97937833462
QENEIATTNPVATECYGDAPECLQHEEL,6.54246865486
QENEIGCTNPLSTEIFGDVSDNEQNGDH,6.28322407052
QENEIGCTNPLSTEIYGDVSDNEQNGDH,5.709859895219999
QENEIGCTNPVSTEIYGDVSDNEQNGDH,7.39972848275
QENEIRTTNPVAGFWYGIVTEEEQSGNF,6.22008263423
QENEIRTTNPVAGFWYGIVTEEEQSGPF,6.78328564995
QENEIRTTNPVAGFWYQIVTEEEQSGPF,6.10641930374
QENEIRVTNPVAGEQYQIVTENEQSGPF,6.01518361276
QENEITATNPEGTECFGCVAEDPAVGPH,5.992030992809999
QENEITATNPEGTECFGCVAENPAVGPH,6.56247483168
QENEITATNPEGTECYGCVAENPAVGPH,7.02935348624
QENEIVQTNPVATEQYGEAPEVCQHEEK,6.717689099079999
QENEIVTTNPCATECYGDASEDDQHEEN,5.887995784609999
QENEIVTTNPVATECYGDASEDDQHEEN,7.09290728025
QENEIVTTNPVATECYGDVSEDLQHEEN,7.134728378109999
QENEIVTVNPCATECYGDASEDDQHEEN,5.863061539069999
QENEIVTVNPCATECYQDASEDDQHEEN,6.32093523626
QENEVGGTNPDATQQYGSVESDDELEVS,5.76798857929
QEPEICQTNPVATENYGWAAEIQQMGPT,5.78006439253
QEPEIRTTNPVATENYGWASEIQQMGNT,6.82162272606
QEQEIAAVNPVSTEMWGEAGEVLQHGMR,5.66213685471
QEQEIAAVNPVSTEMWGEASTVLQHGMR,6.17856336479
QEQEIAAVNPVSTEMYGEAGEVLQHGMR,5.85970810396
QEQEIAAVNPVSTEMYGEASEVLQHGMR,6.09290728025
QEQEIACTNPVSTEIYGEASEVLQRGMR,6.24949448215
QEQEIACVNPVSTEIYGEASEVLQHGMR,7.071578973119999
QEQEIAQTNPVSTEVYGEASEVLQRGGR,6.14002769638
QEQEIATVNPVSTEVYGEASEVLQHGGR,6.10616404258
QEQEIRATNPVATEMYGSASTVLQHGMR,6.8460701019400005
QEQEIRTTNPEATQQYWDVDTEDFDEES,6.27554333344
QEQEIRTVNPVATEIYGSVSEVLQHGMR,7.02065648076
QEQEIRTVNPVATEMYGIACVNLQYGGR,6.73178667445
QEQEIRTVNPVATEQYGIACVNLQYGNR,6.174476407269999
QEQEIRTVNPVATEQYGIVCVNLQYGNR,6.21394439777
QEQEIVATNPVSTEQYGEASEVLQRGGR,5.676857718469999
QEQEIVAVNPVSTEMYGEAAEVLQHGGR,5.94878061242
QEQEIVPVNPVATEMYGIACVNLQYGGK,5.72815153541
QEQEIVTVNPVATEMYGEVAEVLQHGNM,6.93787012672
QEQEIVTVNPVSTEMYGEAAEVLQHGGM,6.46063631571
QEQEIWTTNPFAAEQYGSVSTNVQRGNR,5.75587229297
QEREICTTCPVATEQYASKSTNLQRGNR,5.70844046298
QESEIRSTNPVSTEIYGSASTVLQRGGR,5.67843234485
QESEIRSVNPVSTEIYGSASTVLQHGGR,6.113543572939999
QESEIRTTNPVSTEIYGSASTVLQRGGR,7.36020011856
QESEIRTVNPVSTEQYGNASCVLQHGGR,7.0513281765
QESEIRTVNPVSTEQYGNASCVLQRGNR,6.574837899349999
QESEIYSTNPDSTEIYGEVSYNWEDGEM,5.74825910886
QESEIYSVNPVSTEIYGNASTVLQHGGR,5.74419048792
QESEIYTTNPDSTEIYGEVSYNWEDGNM,5.87604425922
QESEIYTVNPVSTEIYGNASCVLQHGGR,6.220853373300001
QESEVASTNPVGTEGYGVMASTLQHGDI,7.261356453119999
QESEVASVNPVGTEGYGVMASTIQHGDI,6.66811612307
QETEINAVNPVSTEMYGVVGTNIQRGGR,5.68310711091
QETEINAVNPVSTEMYGVVGTNLQRGGR,5.98072350492
QETEINAVNPVSTEMYGVVSTNLQRGGR,6.97136587122
QETEIRAVNPVSTEMYGVVSTNLQRGGR,6.26545298185
QETEIVQTNPVSTDCFGVAIESGCCPEI,6.24111800219
QEVEIAATNPVSTELYGDAGECEMTFEY,6.123736672030001
QEVEIAATNPVSTELYGDAGECLMTFEY,5.92579729441
QEVEIAQTNCEASEQYGVVGDDWLPGMD,6.96808901613
QEVEIAQTNCEASEQYGVVGTDWLPGMD,5.974366194680001
QEVEIATTNPVSTELYGDVSECLQTFEY,6.21920534929
QEVEIATTNPVSTELYGDVSECLQTGEY,5.923689631449999
QEVEIATTNPVSTELYGDVSENLQTGEY,6.44345429102
QEVEISAVNPESTFIFGCVSANWQQGDF,5.75129956318
QEVEISTVNPEATFIFGCVSANWQQGDF,6.7080965684
QEVEISTVNPEATFIFGCVSANWQQGNF,6.87332987452
QEVEISTVNPESTFIFGCVSANWQQGDF,6.48063012895
QEVEIVATNPTATEMFGSVSTDLQHGPF,6.30826693124
QEVEIVATNPTATEMFGVVSTDLQHGPF,6.69625395365
QEVEIVATNPTATEMFGVVSVDLQHGPF,6.17398393584
QEVEIVATNPTSTEMFGVVSVDLQHGPF,6.40384459122
QEVEIYCTNPICTEIFGCVSAALQGGDN,6.52140703934
QEVEIYCTNPVCTEIFGCVSAALQGGDN,6.95120971359
QEWDIRTTNPQATRQYGHDSTFLQRVNS,6.02115895401
QQNAVGGTNPDATQLYISVESDDELEVS,5.79376890073
RDGETRTTNPVATEQYGSVSTNVQRGVR,6.37062052348
RDMEIRTTNPVCTEWYGSVSTNLMRGNR,5.82842945755
RDQEIRTVNPVATEQFGSVSTNLQRLNR,5.76955432731
REAEIVQVNPVATEQWGGTSTTLQQGTL,6.08822775931
REAEIVQVNPVATEWWGGTSTTLQQGTL,6.26587273601
REEECRTVNPVATECYGSIDMDWCAGNC,6.5961065161
REEEIRCVNPCATEQYGAVCTNLERGND,5.7249901971
REEEMRTTNPVATAQYGSVSIALERNND,6.43275728313
REEEMRTTNPVGTAQYGSHSIALERNND,5.91231406505
REEEMRTVNPCGTAGYGSHSIALERNND,6.15506096359
REEEMRTVNPCGTAQYGSHSIALERNND,5.78283934057
REESIRTSNPPATEQYGWVSTLLMRGNR,6.550079654539999
REESIRTTNPGATTQYGSVSTNLQEGNP,6.25337195244
REETIRCTNPVATEQLGSVNTSLQRGNR,6.64657365048
REGEIKQTNCVAYEGFGFVSGNLQNQQA,6.10820089248
REGEIKQTNCVAYEGFGFVSGNLQRQQA,6.82168889107
REGEIKQTNPVATEGFGFVSTNLQRGNR,6.13365958081
REGEIKQTNPVATEGFGFVSTNLQRQNA,5.956170943459999
REGEIKQTNPVAYEGFGFVSGNLQRQQA,6.29373055857
REGEIKQTNPVAYEGFGFVSTNLQRQQA,6.70324149228
REGEIQCVNPCGTAGYGAVCIALERGMD,5.95381167058
REGEIQCVNVCGTAGYGAVCIALERGMD,7.02672620327
REGEIRCVNPCATEQYGAVCTNLERGND,6.543926659069999
REGEIRQTNPVATEGFGFVSTNLQRGNR,6.7278579168
REGEIRTVNPVSSEQYGSVSTNLQRLNR,5.99979787586
REHEITCTNPVSTEHYGAVSDDEEVGNA,6.07312568336
REHEITCTNPVSTEHYGAVSDDEQVGNA,6.57400639897
REIEIMSVNPVATENYGEVSCILQQGNR,5.71490051192
REIEIMSVNPVATENYGEVSCNLQQGNR,6.383292855800001
REIEIMSVNPVSTENYGEASCIVQQGTR,5.83362745049
REIEIMSVNPVSTENYGEVSCILQQGNR,6.303164375730001
REIEIMSVNPVSTENYGEVSCILQQGTR,6.55298803052
REIEIMSVNPVSTENYGEVSCIVQQGTR,5.64568937522
REIEVMSVNPVSTENYGEAACIVQQGTL,5.89722814222
RESEIATTNPTATELYGSVDEDLQQGND,5.970191413769999
RVEEIRLTNSVATEQYGKVVTNLQRGNR,5.677869780969999
RVREMRTTNPVATVQYGSVSTNLQRGFR,5.70569668459
SAEMIRPTNYFCMALCWDWHEGPCDMED,6.233601570369999
SDEEIACCNPTATEMYGAVNTGPMVGTS,5.694233227180001
SDEEIATCNPTATEMYGAVNTGPMVGNS,6.750783097479999
SDEETKTTNPTASEVFGCVGMDLQRGTD,5.78738326572
SDVEIACCNPTATEMGGAVNTGPMVGTS,5.671056095380001
SEDEICATNPTSTELFGDASVMQQFGDF,6.30167782738
SEDEICTTNPTSTELFGDASVMQQFGDF,6.16142554291
SEDEICTTNPTSTELFGDASVNLQFGDF,6.16954036164
SEDEICTTNPTSTELFGDASVNQQFGDF,6.09967256834
SEDEICTTNPVSTELFGDASVNLQFGDF,6.675762118010001
SEDEIHATNCCSHMFFGCISQGLDIGTE,6.0095080008
SEDEILACNPAATELFGGVSDNWQGGPV,5.66202095231
SEDEILACNPACTELFGGVSDDWQGGPV,6.040439860359999
SEDEILACNPACTELFGGVSDNWQGGPV,6.91571116282
SEDEILTCNPAATELFGGVSDNLQGGNV,5.97200175986
SEDEILTCNPAATELFGGVSDNLQGGPV,6.0513281765
SEDEIRATNPAATEMFGEVSENWQIGTQ,6.9632839119100005
SEDEIYATNPAATEMFGEVSENWQIGTQ,6.70340487308
SEDEIYATNPAATEMFGEVSENWQRGTQ,7.183072430959999
SEDEIYATNPAATEMFGEVSENWQRGTR,5.728605427200001
SEDEIYTTNPAATEMFGEVSENWQRGNR,6.34083479369
SEEEIAATNPTATEMFGGVSENEQQGNF,7.281691308939999
SEEEIAATNPTATEMFGGVSENPQVGNA,6.66158469738
SEEEIAATNPTATEMYGGVSENLQQGTF,7.47279194494
SEEEIAATNPTATEQFGGVSENPQVGNA,6.55656348475
SEEEICCCNPVCTEQYGSVSTGDQQGTH,6.062001678010001
SEEEIHATNCCSHMFFGCISQGLDIGTE,5.70914124263
SEEEIHATNPCAHMFFGCISQGLDIGTE,6.331956642350001
SEEEIHATNPCSHMFFGCISQGLDIGTE,6.07596437534
SEEEIHTTNPCAHMFFGCISQGLDIGTE,6.953383126089999
SEEEIRATNPAATEMFGEVSENWQIGTQ,6.89431906294
SEEEIRATNPEATETYGEVSDNLDIGLQ,6.8398240713
SEEEIRCVNPVATEVYGCVSNNLERGNR,6.37653885538
SEEEIRPTNYVAGEQCGSWSTNLQRGNR,6.59822263639
SEEEIRQTNPVATEQGGSVSVALARGDR,6.16026254805
SEEEIRQTNPVATEQGGSVSVALAVGDA,6.82794997102
SEEEIRQTNPVATEQGGSVSVALAVGDR,6.59322195533
SEEEIRTTNCICTEQYGSVSTNVQYGNR,6.79290302392
SEEEIRTTNPCAHMFFGCISQGLDIGTE,6.31611236428
SEEEIRTTNPCAHMFFGCVSQGLDIGTE,6.22054055998
SEEEIRTTNPEATEQYGSVDTADLTGEA,6.61210216746
SEEEIRTTNPVATELYGIVDTNDMLGDY,6.2883673738
SEEEIRTTNPVSTELYGIVDTNDMLGDY,6.82270380145
SEEEISTTNPCSNVLWGDYWETDMSEEA,6.51584867181
SEEEITTTNPVASEVYGSVSTILQYGNR,6.64422693714
SEEEIVATNPEATETYGEVSDNVDIGLQ,5.80516935348
SEEEIVTTNPAATEQYGGVSENEQHGTQ,5.78586703327
SEEEIWATNPTAHEQYGCVSTMLYRGNF,6.02381832736
SEEEIWATNPTAHEQYGCVSTMPYRPNF,7.38590155106
SEEEIWATNPTATEQYGCVSTMLYRGNF,6.84779478241
SEEEIYATNPESTEHYGCVSNGPQHETV,6.70340487308
SEEEIYAVNPESTEHYGCVSNGPQHETV,6.11658681578
SEEPQGTTNPYANLYWYHNENLGINGIP,6.01285402868
SEFEIMQCNPASTEQGGSVSVAVQVGDA,5.96427144223
SEFEIMQTNPASTEQYGSVSVAVQVGDA,6.292336276
SEFEIMQTNPVSTEQGGSVSVAVAVGDA,6.19917364447
SEFEIMTTNPASTEQYGSVSVAVQVGDA,5.643481055430001
SEFEIMTTNPASTEQYGSVSVNLQVGDA,6.07780038786
SEFEIMTTNPASTEQYGSVSVNVQVGDA,6.61430465219
SEFEIRQTNPVATEQGGSVSVALAVGDA,6.544131253130001
SEFEIRQTNPVATEQGGSVSVAVAVGDA,6.32886215203
SEFEIRQTNPVSTEQGGSVSVAVAVGDA,6.69077726475
SEFEIYSTNPTATESFGYVSVDWQHGDS,6.10330145996
SEFEIYTTNPTATESFGSVSVDWQHGDS,6.92936221127
SEFEIYTTNPTATESFGYVSVDWQHGDS,6.594591385939999
SEGEIAATNPTATEMFGGVSENPQVGTA,6.859087951939999
SEGEIMTCNPEATEIYGCVATNWQQGLR,6.471840805839999
SEGEIRATNPTCHEMFGCVSVMPYNGNF,5.97259150589
SEGEIRATNPTCTEMFGCVSVMPQNGNF,7.313867746090001
SEGEIRATNPTCTEMFGCVSVMPYNGNF,6.167770084719999
SEGEIRTCNPEATEIYGSVSTNWQQGLR,6.62029474744
SEGEIRTTNPEATEIYGSVSTNWQQGLR,7.3776347119
SEGEIWATNPTAHEQYGCVSTMPYRPNF,5.68672613193
SEGEIWATNPTCHEMFGCVSVMPYNPNF,5.98719783908
SEGEIWATNPTCHEQFGCVSVMPYNPNF,5.6667100731
SEIEISQTNPDATEQYGSASTGENRGNN,6.24198140677
SEIEISQVNPDSSEMYGAAATGENRGNN,5.89932508305
SEIEISQVNPDSTEQYGAAATGENRGNN,5.65277880001
SENEIRTTNPFATEQYGSVSTDQERGNR,7.24966579987
SENEIRTTNPVATECYGDYSEAEMVGNW,7.47915018862
SENEIRTTNPVATEVYGSYSENEERGNS,5.94654796696
SENEIRTVNPVATEQYGSMATDLELGNM,7.48428758377
SENEIRTVNPVATEQYGSMATDPELENM,6.59123724181
SENEIRTVNPVATEWYGSMATDPELENM,5.91919040621
SENEISCTNPVSTECYGDYSEAEMVGNW,6.8055030607
SENEISSTNPVATEVYGSYSENEERGNS,6.30233951372
SENEISTTNPCSNVLWGDYWETDMSEEA,6.535872492659999
SENEISTTNPVATECYGDYSEAEMVGNW,5.97345256059
SENEISTTNPVATEVYGSYSENEERGNS,6.974706894900001
SENEISTTNPVSTECYGDYSEAEMVGNW,7.08909355739
SENEIVATNPEATETYGEVSDDVDIGLQ,5.88432065844
SENEIVATNPEATETYGEVSDNVDIGLQ,6.33284200294
SEQEICCCNPACTELYGSVSVGDQQGTH,6.735466082309999
SEQEICCCNPACTELYGSVSVGDQQLTH,6.39276258574
SEQEICCCNPVCTEQYGSVSTGDQQGTH,6.35847495283
SEQEISATNPEGTEQYGQVSTCLNLGDD,6.996186622310001
SEQEISATNPEGTEQYGQVSTCPNLGDD,6.62179110752
SEQEIVSTNPESTEMYGDVSNDDQLGTQ,5.67425852742
SEQEIVSTNPVSTEMYGDVSNNDQLGNQ,5.81029342761
SEQEVRCVNPIASEVYGCVGNNLERGNF,5.747533902930001
SEQEVRCVNPIASEVYGCVGNNLERGNR,6.0595486833
SESEIRCTNPVATYVYGSVSTNLCRGNR,5.87712344768
SETEICGTNPTLTEPFGFAMGFWAQDYG,6.91144200144
SETEICGTNPTLTEPFGFAMTFWAQDYG,5.84779478241
SEVEIAATNPTATELFGEVSELECQEDF,5.64700570291
SEVEIAATNPTATEMFGGVSENEQQGNF,6.0116580310700005
SEVEIAATNPTATEMFGGVSTNEQQGTF,6.96285938864
SEVEIAATNPTATEQFGGVSENEQQGNF,6.72401515275
SEVEIAATNPTATEQYGGVSENEQQGNF,7.47123143095
SEVEIAATNPVATEMFGGVSENEQQGTF,7.18883170025
SEVEIAAVNPECHEIFGIVSNAWQIEDF,5.87051485891
SEVEIAAVNPVAHEIYGIVSNAWQIGDF,5.87467440611
SEVEIATTNPTATEQFGDVSELECQEDF,6.63629067722
SEVEIATTNPTATEQFGEVSELECQEDF,5.96001300975
SEVEIATTNPTATEQYGEVSELECQEDF,5.80605805014
SEVEIATVNPVAHEIYGIVSNAWQIGDF,7.18425897046
SEVEIATVNPVAHEIYGIVSTAWQIGDF,6.89025317756
SEVEIGTTNPTGTETFGEVSEAEQNEGF,6.649633616640001
SEVEIGTTNPTGTETFGEVSEAEQNEGR,6.36780184129
SEVEIGTTNPTGTETFGEVSEAEQNENF,6.60186684662
SEVEIGTTNPTGTETFGEVSEALQNEGR,7.093148352190001
SEVEIRTTNPTATETFGEVSEAEQNGNF,6.7109880445000005
SEVEIRTTNPTGTETFGEVSEAEQNGNF,6.4672581565
SEVEISCCNPECTEIFGVVSENDQMGDF,6.401638072759999
SEVEISCCNPECTEIYGVVSENDQMGDF,6.13730139961
SEVEISCTNPECTEIYGVVSENDQMGDF,6.05884223016
SEVEISQTNPESSENYGHASTGQLVGPE,5.70696269249
SEVEIVVTNPASSEHYGWVSDNSQNGTF,6.10950924759
SEVEIYSTNPFATEGYGTADDAPNHGEQ,6.03531077916
SEVEIYSTNPFATEGYGTVSTAPNHGNQ,7.31234623673
SEVEIYSTNPFATEGYGTVSTAPNRGNQ,6.301306429509999
SEVTIAGTNPEATECYGDVSANEQHGDF,5.92719593247
SEVTIAGTNPESTECYGDVSADEQHGDF,5.86690360536
SEVTIAGTNPESTECYGDVSANEQHGDF,5.64745846807
SLECIAATNPFATALGGSVETGPYQGLF,5.929390559140001
SLECIAATNPTAYYIFGSVEAGPYQGLF,6.02656027135
SLECIATTNPFLWACGWDVEEGECQEDF,5.85286577196
SLECIRATNPFATALGGSVETGPYQGLF,5.969740642
SLECIRATNPTAYYIFGSVETGPYQGLF,5.72170568982
SLECIRTTNPFATALGGSVETGPYQGLF,6.468448990280001
SLECIRTTNPFATAQGGSVETGPYNGLF,5.85773301947
SLECIRTTNPFAWACGGSVETGPYNGLF,6.79376890073
SLECIRTTNPTATYIFGSVETGPYQGLF,6.0855777384500005
SLECIRTTNPTAWAQFGSVETGPYQGLG,6.26650740786
SLECIRTTNPTAYYIFGSVETGPYQGLF,7.09572229586
SLECQYCTNPELTCQGWDVEEGECQGLA,5.8188820905
SLEEIRTTNPFATAQGGSVETGPYNGLF,6.05658390195
SLEEIRTTNPFATAQGGSVETGPYQGLF,5.806686082530001
SLEEIRTTNPFATAQYGSVETGPYQGLF,6.35233043253
SLEEIRTTNPFATEQGGDVEEGECQGDF,6.00143173225
SLEEIRTTNPTATAQFGSVETGPYQGLG,6.38422738921
SLEEIRTTNPTATEQFGSVETGPYQGLF,6.27456157427
SLEQIRTTNGDAFGWWGCWDPAFFYGTY,6.719103559440001
SMDLIMACNPTASDCFAFLHANYIQGPF,6.16498495829
SQEEGRTTNPVATECWGTVSTILQEGNR,6.3447498437
SQEEGRTTNPVATEQWGTVSTILQEGNR,5.75770570798
SSYEIVTTNPVATRQYGSCSTNLQRGNR,5.67863696793
STECIRTTNPHATCKWGDWHDGEMEEDA,5.95381167058
STECIRTTNPHATCKWGDWHDGEMEGDA,5.69059891632
STECISTTNCHHTCKWGDWHDGEMEEDA,6.97642336748
SVFVINATIYGLWLIFQNAYFHPDFFQF,6.7769339085
SVFVINTTIYGLWLIFQNAYFHPDFFQF,5.90410222332
SVFVVNACIYGLWLIFQNAYFHPDFFQF,6.77569373388
SVNEIVCTNPEATEFFGLVSEDEQQGLV,5.82386544719
TEEEIRAVNCVATEQYGSVGTNLQRMNR,6.482190642940001
TEEEIRYTNPVATEQAGSVSTALQRPPR,7.20910409527
TEEHIRTTNPDATCQYGSVETNLQRGNW,5.951842266630001
TEEYIRTTNPDATIIYGSVSTNLYSENP,5.73861816057
TEEYIRTTNPDCYIIWGSVYTNEYSELP,6.674258527419999
TEEYIRTTNPDCYIIWQMNYGDEYSELP,6.83833445316
TEEYIRTTNPDCYIIWQSNYGDEYSELP,6.17856336479
TEEYIRTTNPDCYIIWQSVYTDEYSELP,5.78283934057
TEEYIRTTNPVATEDYGSVDGNTQPDQN,5.66387650889
TEEYIRTTNPVATEDYGSVSGNTQPDQN,6.75587229297
TEEYIRTTNPVATEDYGSVSGNTQPDQR,5.71429318922
TEEYIRTTNPVATEQYGSVSGNLQPDQR,7.304099971579999
TEEYIRTTNPVATEQYGSVSGNTQPDQR,6.83735932975
THCNIMPVNPDNLMQCGSVDGGENLPAV,5.72416343324
VAECIRPTNPFAWQIYWCWEHGGDPPLP,5.82838479276
VAECTRPTNPFAWQIYWCWEHGGDPPLP,5.84238128623
VAEMIRPTNPFAWQFYWCWEHGGDPGLP,5.75653211235
VDAEIATTNPVSTEMYGEAGDNLMQQTM,6.03202762054
VDAEIATVNPVSTEMYGEAGDNLMQQTM,5.90195055246
VDEEIRCTNPVASENYGSVATNLQRLNQ,7.0215808331
VDEEVRCTNPVASENYGSVATNLQRLNQ,6.845797972350001
VDGEIWQTNPDATENYGVVAEGINPGED,6.12108709361
VDQEIRATNPVATEIYGAVSMNLQRGNR,6.54907672669
VDQEVRATNPVASEIYGAVAMNLERGTR,6.89243869747
VDQEVRATNPVASEIYGAVSMNLERGTR,6.14912199045
VDQEVRATNPVASEIYGAVSMNLQRGNR,5.90589773698
VDVEITSVNPVASEPYGGTSNNLMRLTI,6.50294029068
VEEEIRATNPVCTEQWGFCSDELQYGQV,5.77707678496
VEEEIRATNPVCTEQWGFCSDNLQYGQV,7.02291976131
VEEEIRTTNPCASEQFGAVGYNLMRGPI,5.99950409982
VEEEIRTTNPCASEQFGSVGYNLMRGPI,7.10703760908
VEEEIRTTNPIATFQYGCVSSDLERPNP,6.604463068459999
VEEEIRWTNVVAFEQYMHLSTNDQSGNR,5.68068479658
VEEELRATNPVATETYGGVGNNLQRGNR,5.9235726293
VEEELRATNPVATETYGSVGNNLQRGNR,5.73817029124
VEEETHCTNCIAVFQWGCVASDLERPTP,6.48101245174
VEEETHCTNPIAVFQWGCVASDLERPTP,6.14746126583
VEEETMPTNPCCTEMWGNVCTNLQRGMQ,5.893664673469999
VEEETRTTNPCCTEMWGNVCTNLQRGNQ,5.72940008161
VEEETRTTNPCCTEMWGNVSTNLQRGNQ,6.90146796505
VEEEVRTTNPCCSEAFGAVGYNLMRGPI,5.77707678496
VEEEVRTTNPVASEQFGSVSTNLQRLPR,7.12324335862
VEEEVRTTNPVASEWFGSVSTNLQRLPR,5.7578526571
VEIEIRCTNPFAWETYGTNSNNECEGIR,6.48839198211
VEIEIRCTNPFAWETYGTNSNNECRGIR,5.8214606346
VEIPIRCTNCFAWCTYGTNSNPECEGIH,6.1475434917600005
VEIPIRCTNCFAWETYGTNSNPECEGIH,6.082522798099999
VENEIRTTNPFATEQYGIVSTNDDRGNR,6.25633851961
VEQEIRTTNPVAIDNYGSVSTNLQRPNR,6.14443758089
VEQEVRCTNPVATENYGSVSNNLQRGNR,6.095722295859999
VERETMPCNPCCTWMWGNGCENLQSVMQ,5.65730845849
VERETMPTNPCCTEMWGNVCENLQSGMQ,6.87030218182
VERETMPTNPCCTEMWGNVCTNLQSGMQ,5.90410222332
VEYEIITTNDQETQQNGSVSTGLDRGNR,6.21277787655
VHEEIRTTNPQATQIYGSVWHEDDPGLP,5.64422693714
VHEIIRTTNPQATQIYGSVWHEDDPGLP,5.78829377066
VLELIRPTNPFAYLFYGAVEHGGIPGIP,5.65079024691
VLELIRPTNPFAYLFYGAVEHGGIPPIP,5.82076182372
VLELIRPTNPFAYLFYGSVEHGGIPGIP,6.35737016142
VLELVRPTNPFAYLFYGAVEHGGIPPIP,5.74176534678
VLWLVRPTNTFAYLFFGAVEHGGIPPIP,5.864597137980001
VPECIWTTNPVAMEQYGSNSTYLDVGNW,5.69549967499
VPECIWTTNPVAMEQYGSVSTYLDVGNR,5.935850959080001
VPECIWTTNPVAMEQYGSVSTYLDVGNW,6.04385305594
VPECIWTTNPVAMYCYGSNETYLDVGEW,6.140536143209999
VPECIWTTNPVATEQYGSVSTYLDVGNR,6.1505353542000005
VPEEIWTTNPVATEQYGSVSTYLDVGNR,6.27696261053
VTIPIACCNCFLWCTWGTNENPECEHIH,6.27809903835
VTIPIACTNCFLWCTWGTNSNPECEGIH,5.93850834616
VTIPIRCTNCFLWCTYGTNSNPECEGIH,6.51075979514
WEEEIRTINPFAFEYYGSVTTNLQRGNR,5.88397711872
YDCEQCCVNPASDCVWGTLCDINMQIQT,5.91297325406
YDHELAGTNPCSTESFGCSCCNWQNENA,6.37560021185
YDHELAGTNPCSTESFGCSCCNWQNENR,6.73927032564
YDHELAGTNPCSTESFGCVCCNWQNENR,5.82626162086
YDHELAGTNPCSTESYGCVCCNWQNENR,6.76045956247
YDHELAGVNPCSTESFGCVCCNLQREEA,6.6560991583
YEAEIVCTNPVCTEQYGSVSMEEEVGNY,5.91560152731
YEAEIVTTNPVCTEQYGSVSMEEEVGNY,5.76033194116
YEDEIRTFNPVATEIYGDCPTTLYYGQY,5.80504513495
YEEEITTTNPVATEMYGEAPTVLQHPQH,6.708150584729999
YEEEITTTNPVATEQYGEAPTVLQRPQH,7.25244779954
YEEEITTTNPVGTEMYGEAPTVLQHPQH,6.01352666669
YEEEIVCTNPVCTEQYGSVSMEEEVGNY,6.5721603398
YEEEIVCTNPVCTEQYGSVSTEEEVGNY,7.28441760572
YEEEQCTVNPVADCVYGTLCDINQQIQT,7.192844762749999
YEEEQCTVNPVADEVYGTLCDINQQIQR,6.06145239377
YEESIASVNPVCTFTYGSVVDNFQSGSQ,6.6512623402
YEHEIRCTNPCATEQYGWVDSNEQRGND,6.78036685489
YEHEIRCTNPCATEQYGWVDTNEQRGND,6.889577106499999
YEHEIRTTNPVATEQYGSASEAICQGNE,5.90668847147
YEHEIRWTNPVATEQYWSHSTNLQRINR,5.95133238652
YEHELAGVNPCSTEQYGCVSCNLQREEA,6.79028232376
YEHELAGVNPCSTEQYGCVSCNLQRGEA,6.410409269800001
YEHELAGVNPCSTESFGCVSCNLQREEA,5.72940008161
YEHEVATTNPMSTEGCGAVFCDLEAGNV,6.29525375938
YEHEVATTNPVSTEGCGAVFTDLEAGNV,5.92246158185
YEHEVATTNPVSTEGYGAVFTDLEAGNV,6.95045934865
YEIEIASVNPVCVETYGVSSDNFQSGNQ,6.07089044288
YEIEIASVNPVCVFTYGVSSDNFQSGNQ,5.822703801449999
YEIEIASVNPVCVFTYGVSSDNFQSGSQ,6.633181885579999
YEISIASVNPVCVFTYGVSVDNFQSGSQ,6.44580435329
YENEITCTNPVCTEPYGGVATDDQYGND,5.74137272328
YEQEIRTTNPVCTEVYGSASSNLCHGNG,5.72598272105
YEQEITCTNPCCTEVYGAADSEECHGNG,5.98889412974
YEQEVRTTNPVATEQYGSTSTVVQRGNR,5.84779478241
YEVEIACTNPCCTECYGTADDDWCHGNG,6.561522908820001
YEVEITCTNPCCTELYGWADDEECTGNF,6.29631612691
YEVEITCTNPCCTELYGWASDEECTGNF,6.372106255349999
YEVEITTTNPCATELYGWVSDNECTGNF,6.58231305616
YEVEITTTNPVATELYGTVSTNLCVGNH,5.81032007699
YSEEVATTNPMAIMGCGSVSCDLEAGYV,5.94825630942
YSEEVATTNPMAIMGCGSVSCDLEAKYV,6.59438360107
YSEEVATTNPMATMGCGSVSCDLQAGYV,5.76834146886
YSEEVATTNPMATMGYGSVSCDLQAGNV,7.0782952241
YSEEVATTNPMATMGYGSVSCDLQAGYV,5.98517584149
YSEEVATTNPMSIMGCGSVSCDLEAKYV,5.88070940489
YSEEVRTTNPMATMGYGSVSCDLQAGNV,5.76523218747
YSEEVRTTNPMATMQYGSVSCDLQAGNV,6.0756210898
AEDEVSTTNPVCTEMWGFISENLQHFNR,5.962558832674532
AEEEIAQTNPFSTEQYGVVSEDLEVGED,5.842070187496777
CDQELNGVNPCSCEGFGDIAETVQHGEM,5.707163834414872
CDQELNTTNPVACEGFGDISETLQRGER,5.732532941151773
DDEEIRTTNPESSEQYGSVSTPETRGER,6.303958832822065
DDEEIRTTNPFCTEQYGYVDTPDDQGMA,5.84409947977098
DDEEIRTTNPVATEMYGFVGTNLMRLTQ,6.190185566390157
DDEELAPTNPVATEMYGFVATVLCAEEV,7.410756867137988
DEDEIGSTNPVSYEWWGDVSTALMRGTM,6.358347666538784
DEECIRTTNPFATQQYGSVETGLDPGNP,6.814700959349787
DEEEICTTNPFATEQYGICPNEQQYGLL,6.286963080884411
DEEEIRTTNPDATEQYGDVFEDDCHGNC,7.019188337805398
DEEEIRTTNPDATEQYGSVETDDDEGEV,5.751926428572163
DEEEIRTTNPDATEQYGSVETDDELGNS,7.174481953235688
DEEEIRTTNPDATEQYQSVETGAEGGNN,6.587723263998244
DEEEIRTTNPEATDHYGSWDDDLELEFL,6.3973928661018
DEEEIRTTNPEATDHYGSWDDDLQLEFL,6.421775075474915
DEEEIRTTNPEATDQYGSVSDDLQLEFL,7.051694899179347
DEEEIRTTNPEATEQYGSVEEGECQGNA,6.254171057388028
DEEEIRTTNPEATEQYGSWETDLWWGNR,6.085923364712924
DEEEIRTTNPYATEQYGSVETGDTWENT,7.337839916812285
DEEEISCVNPCSTEQYGSVSDEDQRGNT,7.259436897739892
DEEELAGTNPVATEQFGDATEILQAPGR,6.807129898225988
DEESIASVNPVCTFTYGSVVDNFQSGSQ,6.046587374368308
DEFEIGGTNPVCTEQYGSVSDTLQRGNA,6.230919994858758
DEGEIVATNPVCTEVFGDVSTNIYHGPF,5.863543868608772
DEHEIRTTNPVATEQYGDADEDECHEDS,6.082110311601725
DENEIVTTNPCATEIYGDAPTGLLPPTD,6.541541930239022
DESEIRTTNPVSSELYGCTSTPLQAGNS,6.408391321265035
DEVEIRTTNPCATELYGWVSTNECTGNF,7.3570749275185
DEVEIRTTNPEASEQYGHVSTGQLVGNE,7.065145324593374
DEVEIRTTNPVATEQYGVVDEDLCAGNN,5.974437588612472
DEVETAATNPVATENFGWVSSNLQRGNR,6.310704072106488
DPEEIRTTNPFATQCYGSVEHPDLPGEP,6.231146983810439
FEEEIRTTNCHATECYGDVSTCIQSEKN,5.795556546816248
FEHELCAVNPVCTEPWGCVSELVQGGNT,5.93004133114089
GEEELVCVNPVCTELYGDAAENLQRGNR,5.742997773745517
HDTEICTVNPIATEQYGTTGTEDETEMI,5.814508666956957
MEEEIRTTNRVATEEYGSCSTNLERINR,7.262682557243545
QEAEIAQTNPVATEQYGWASDVLQRGGR,6.425477707439382
SEEEIHATNPCAHMFFGCISQGLDIGTE,7.093863493027403
SENEIVATNPEATETYGEVSDNVDIGLQ,6.428976308238989
VEEEIRTTNPIATFQYGCVSSDLERPNP,6.889224161716101
YEEEIRTTNCVNTEQYGSVSNNQERGNG,6.2854026337436295
YEEEIRTTNPLGTEQYGSVSENLERGMG,6.817271408921183
YEEEIRTTNPNNTEQYGSVVNNLERGNG,5.660232629793549
YEEEIRTTNPVNTEQYGAVSNNLEDGNG,6.441652698288865
YEEEIRTTNPVNTEQYGSVSNNLELGIG,7.155767353327034
YEEEISTTNPVATEQGGTVSTDDQRGAQ,7.262682557243545
YEEEISTTNPVATEQYTSVQTDLERGNR,7.307670012016856
YEENISTTNPVATEIGGSVSTDDQRGNQ,6.701967602769066
YEPEIRTTNPVATHQYGSVETNQRRDND,6.739120601186533
YETEIRTTNPVNTEQYGSVSNNDERGNG,6.165385355888631
